customerID,gender,SeniorCitizen,Partner,Dependents,tenure,PhoneService,InternetService,Contract,MonthlyCharges,TotalCharges,Churn
CUST0000,Male,0,No,No,51,Yes,DSL,Two year,76.5,3401.99,0
CUST0001,Female,0,No,Yes,47,Yes,DSL,Month-to-month,28.81,5205.91,1
CUST0002,Male,0,No,Yes,4,Yes,Fiber optic,Month-to-month,61.37,217.08,1
CUST0003,Male,0,No,Yes,7,Yes,Fiber optic,Two year,95.02,6485.87,0
CUST0004,Male,0,Yes,No,35,Yes,DSL,Month-to-month,89.34,4301.89,1
CUST0005,Female,0,Yes,No,48,No,No,One year,119.06,2240.17,0
CUST0006,Male,1,No,No,45,No,Fiber optic,Month-to-month,47.79,511.63,1
CUST0007,Male,0,Yes,No,19,Yes,DSL,Month-to-month,69.82,1316.74,1
CUST0008,Male,1,No,No,63,Yes,DSL,Month-to-month,52.95,7162.37,1
CUST0009,Female,0,Yes,No,38,Yes,DSL,Month-to-month,64.06,5494.47,1
CUST0010,Male,0,No,No,67,Yes,DSL,Two year,105.7,2014.22,0
CUST0011,Male,0,No,Yes,59,Yes,DSL,Month-to-month,88.42,543.49,1
CUST0012,Male,1,Yes,No,69,Yes,Fiber optic,Two year,108.24,5531.11,0
CUST0013,Male,1,Yes,Yes,13,No,DSL,Two year,40.35,4587.81,0
CUST0014,Female,0,No,Yes,47,Yes,DSL,Month-to-month,107.34,3248.07,1
CUST0015,Male,0,No,No,61,Yes,No,Month-to-month,25.98,2921.62,1
CUST0016,Female,0,Yes,No,31,Yes,Fiber optic,Two year,108.86,1750.18,0
CUST0017,Female,0,Yes,Yes,22,Yes,No,Two year,52.91,5363.5,0
CUST0018,Female,1,No,Yes,43,No,DSL,Month-to-month,51.46,7765.93,1
CUST0019,Male,0,Yes,No,67,Yes,DSL,Month-to-month,71.21,1422.21,1
CUST0020,Female,0,No,No,54,Yes,Fiber optic,Month-to-month,114.07,4784.99,1
CUST0021,Male,0,No,Yes,10,Yes,DSL,One year,24.78,3405.0,0
CUST0022,Female,1,No,No,42,Yes,DSL,Month-to-month,55.22,3584.58,1
CUST0023,Female,0,No,No,64,Yes,Fiber optic,One year,105.66,2048.1,0
CUST0024,Female,0,Yes,No,21,Yes,Fiber optic,Month-to-month,59.61,6604.58,1
CUST0025,Female,0,Yes,Yes,66,Yes,Fiber optic,Month-to-month,39.92,3892.34,1
CUST0026,Female,0,Yes,Yes,41,Yes,Fiber optic,Month-to-month,62.48,4356.38,1
CUST0027,Female,0,Yes,Yes,24,Yes,Fiber optic,Month-to-month,58.56,2451.99,1
CUST0028,Female,0,Yes,No,35,Yes,DSL,Month-to-month,111.54,1470.83,1
CUST0029,Female,1,Yes,No,56,Yes,DSL,Month-to-month,96.19,705.56,1
CUST0030,Male,0,Yes,Yes,30,Yes,DSL,Month-to-month,70.51,5718.67,1
CUST0031,Male,1,No,Yes,57,Yes,DSL,Month-to-month,118.84,1585.95,1
CUST0032,Female,1,Yes,Yes,47,Yes,No,Month-to-month,66.53,5526.8,1
CUST0033,Female,0,Yes,No,35,Yes,Fiber optic,Two year,25.82,3135.2,0
CUST0034,Female,0,No,Yes,19,Yes,Fiber optic,Month-to-month,46.23,3337.88,1
CUST0035,Male,1,Yes,Yes,8,Yes,DSL,Month-to-month,63.61,3764.04,1
CUST0036,Female,0,Yes,No,26,Yes,DSL,Month-to-month,35.69,2954.31,1
CUST0037,Male,0,No,No,71,Yes,DSL,Two year,114.76,822.95,0
CUST0038,Male,0,Yes,No,30,Yes,DSL,Month-to-month,96.68,2490.86,1
CUST0039,Male,0,Yes,Yes,7,Yes,DSL,One year,46.83,5316.6,0
CUST0040,Male,1,Yes,No,67,Yes,Fiber optic,One year,79.08,5332.96,0
CUST0041,Male,0,No,No,65,Yes,Fiber optic,One year,92.14,2304.07,0
CUST0042,Female,0,Yes,Yes,36,No,Fiber optic,Month-to-month,114.13,3691.62,1
CUST0043,Female,0,Yes,No,25,Yes,Fiber optic,One year,108.16,1563.71,0
CUST0044,Female,0,No,Yes,37,Yes,No,Month-to-month,71.52,1698.77,1
CUST0045,Female,0,Yes,Yes,1,Yes,DSL,Month-to-month,97.47,203.92,1
CUST0046,Female,0,No,No,15,Yes,DSL,One year,76.21,7176.04,0
CUST0047,Male,0,No,No,37,Yes,DSL,Month-to-month,75.27,1701.44,1
CUST0048,Female,0,Yes,No,13,Yes,Fiber optic,One year,31.47,1835.72,0
CUST0049,Female,0,No,No,8,No,No,Month-to-month,32.61,2251.22,1
CUST0050,Male,0,No,No,5,No,DSL,One year,72.95,1036.72,0
CUST0051,Female,1,Yes,No,60,Yes,Fiber optic,Month-to-month,46.89,5121.32,1
CUST0052,Male,0,No,Yes,1,Yes,Fiber optic,Month-to-month,22.1,619.64,1
CUST0053,Female,0,No,Yes,36,Yes,DSL,Month-to-month,92.28,1090.94,1
CUST0054,Male,1,Yes,No,35,No,DSL,Two year,23.25,5165.16,0
CUST0055,Female,0,Yes,Yes,66,No,Fiber optic,Month-to-month,79.53,2730.49,1
CUST0056,Female,0,Yes,No,63,Yes,No,Month-to-month,73.92,5669.42,1
CUST0057,Male,0,No,Yes,23,Yes,DSL,Month-to-month,116.88,4468.25,1
CUST0058,Male,0,Yes,Yes,9,Yes,Fiber optic,One year,68.42,2063.05,0
CUST0059,Male,0,No,Yes,34,Yes,DSL,Month-to-month,26.36,5213.61,1
CUST0060,Male,0,No,No,46,Yes,Fiber optic,Month-to-month,75.17,947.86,1
CUST0061,Male,0,No,Yes,4,Yes,Fiber optic,Month-to-month,104.11,4300.55,1
CUST0062,Male,0,No,No,30,Yes,Fiber optic,Month-to-month,119.68,3508.44,1
CUST0063,Male,0,No,Yes,3,Yes,Fiber optic,Month-to-month,63.03,2157.63,1
CUST0064,Male,0,No,Yes,14,Yes,Fiber optic,Month-to-month,52.03,4839.96,1
CUST0065,Female,0,No,Yes,60,No,Fiber optic,One year,110.67,6973.24,0
CUST0066,Female,0,Yes,Yes,45,Yes,DSL,Month-to-month,39.12,7991.26,1
CUST0067,Male,0,Yes,Yes,34,Yes,Fiber optic,Month-to-month,81.54,4869.95,1
CUST0068,Female,1,No,No,45,Yes,DSL,Month-to-month,60.57,3249.55,1
CUST0069,Female,0,No,No,61,Yes,Fiber optic,Two year,24.11,1817.15,0
CUST0070,Female,0,Yes,Yes,16,Yes,Fiber optic,Two year,54.73,2071.63,0
CUST0071,Female,0,No,Yes,66,Yes,Fiber optic,One year,46.52,3846.05,0
CUST0072,Male,0,Yes,Yes,40,Yes,Fiber optic,Month-to-month,88.61,2950.88,1
CUST0073,Female,0,Yes,Yes,17,Yes,No,Month-to-month,114.88,7312.24,1
CUST0074,Male,1,Yes,No,34,Yes,DSL,Month-to-month,46.8,2959.0,1
CUST0075,Female,1,No,Yes,16,Yes,Fiber optic,Month-to-month,101.15,3000.09,1
CUST0076,Female,0,No,No,60,Yes,DSL,Month-to-month,25.54,3080.61,1
CUST0077,Female,1,Yes,Yes,66,Yes,DSL,One year,73.81,6696.23,0
CUST0078,Male,0,Yes,No,66,Yes,DSL,Two year,27.06,5213.29,0
CUST0079,Female,0,Yes,Yes,13,Yes,No,One year,113.4,4921.07,0
CUST0080,Male,0,Yes,Yes,56,Yes,Fiber optic,Month-to-month,96.64,2686.46,1
CUST0081,Female,1,Yes,No,31,Yes,No,One year,85.79,6546.88,0
CUST0082,Male,0,No,Yes,34,Yes,No,Month-to-month,102.39,326.14,1
CUST0083,Female,0,Yes,Yes,39,Yes,DSL,Month-to-month,84.75,6968.96,1
CUST0084,Male,0,No,Yes,67,Yes,DSL,One year,116.89,4111.74,0
CUST0085,Male,0,Yes,No,8,Yes,Fiber optic,Month-to-month,91.4,3198.04,1
CUST0086,Female,0,No,Yes,55,Yes,Fiber optic,Month-to-month,112.47,3987.39,1
CUST0087,Male,0,No,Yes,27,No,Fiber optic,Month-to-month,71.71,5345.98,1
CUST0088,Female,0,No,No,53,Yes,DSL,One year,31.71,121.87,0
CUST0089,Female,0,No,No,39,Yes,Fiber optic,One year,72.82,6974.98,0
CUST0090,Female,0,No,No,65,Yes,Fiber optic,Month-to-month,32.69,3584.98,1
CUST0091,Female,0,No,Yes,17,Yes,DSL,One year,79.25,2756.87,0
CUST0092,Female,0,Yes,Yes,30,Yes,Fiber optic,Month-to-month,68.25,1123.2,1
CUST0093,Female,0,No,Yes,53,Yes,Fiber optic,Month-to-month,82.26,3526.93,1
CUST0094,Female,1,Yes,No,13,No,Fiber optic,One year,21.0,3980.66,0
CUST0095,Female,0,No,Yes,21,Yes,DSL,One year,39.48,3241.1,0
CUST0096,Female,0,No,Yes,19,Yes,Fiber optic,Two year,69.13,5435.71,0
CUST0097,Female,0,Yes,No,53,Yes,DSL,Month-to-month,115.05,3378.75,1
CUST0098,Female,0,No,No,19,Yes,DSL,One year,58.36,7692.11,0
CUST0099,Male,0,Yes,No,57,Yes,Fiber optic,One year,62.44,4802.23,0
CUST0100,Male,0,Yes,No,25,Yes,Fiber optic,Two year,91.47,6463.67,0
CUST0101,Female,0,Yes,No,31,Yes,DSL,Month-to-month,80.38,892.66,1
CUST0102,Female,0,Yes,Yes,55,Yes,Fiber optic,One year,49.89,3190.38,0
CUST0103,Female,0,No,No,23,Yes,Fiber optic,Month-to-month,61.08,2708.04,1
CUST0104,Female,0,No,Yes,32,Yes,Fiber optic,Month-to-month,41.77,4564.47,1
CUST0105,Female,0,Yes,Yes,62,Yes,Fiber optic,Month-to-month,116.6,6891.69,1
CUST0106,Female,0,No,No,10,Yes,Fiber optic,Month-to-month,33.06,645.14,1
CUST0107,Female,0,No,No,54,Yes,Fiber optic,Month-to-month,57.18,599.15,1
CUST0108,Female,0,Yes,No,52,Yes,DSL,Two year,22.58,6805.54,0
CUST0109,Male,0,No,Yes,20,Yes,DSL,Month-to-month,42.18,1718.54,1
CUST0110,Female,0,Yes,No,32,Yes,Fiber optic,One year,98.05,5356.65,0
CUST0111,Male,0,Yes,No,14,Yes,Fiber optic,Month-to-month,40.12,4352.17,1
CUST0112,Female,0,No,No,50,Yes,Fiber optic,Month-to-month,28.01,6666.49,1
CUST0113,Female,0,No,No,28,No,DSL,Month-to-month,67.45,1018.21,1
CUST0114,Male,1,No,No,53,Yes,DSL,Month-to-month,21.0,1055.67,1
CUST0115,Female,1,Yes,Yes,24,Yes,Fiber optic,Month-to-month,28.48,4463.41,1
CUST0116,Male,0,Yes,Yes,22,Yes,DSL,Month-to-month,100.76,7572.1,1
CUST0117,Female,0,No,Yes,30,No,Fiber optic,Month-to-month,97.15,3331.68,1
CUST0118,Female,0,No,No,63,Yes,DSL,Month-to-month,111.51,2629.0,1
CUST0119,Male,0,No,No,4,Yes,Fiber optic,Month-to-month,105.45,4861.38,1
CUST0120,Female,0,No,No,59,Yes,No,Month-to-month,88.32,7444.98,1
CUST0121,Male,0,Yes,Yes,8,Yes,DSL,Month-to-month,25.23,6698.68,1
CUST0122,Female,0,No,No,12,Yes,Fiber optic,Two year,98.28,7963.96,0
CUST0123,Male,0,Yes,No,31,No,DSL,Two year,104.55,200.1,0
CUST0124,Male,0,Yes,No,34,Yes,Fiber optic,One year,99.91,920.61,0
CUST0125,Female,0,No,Yes,49,Yes,Fiber optic,Month-to-month,70.85,4883.55,1
CUST0126,Female,0,No,No,57,No,Fiber optic,One year,43.29,6568.2,0
CUST0127,Male,0,No,Yes,26,Yes,Fiber optic,One year,104.53,2296.25,0
CUST0128,Female,0,Yes,No,18,Yes,Fiber optic,One year,92.72,1928.9,0
CUST0129,Female,0,No,Yes,38,Yes,DSL,Month-to-month,118.08,6300.07,1
CUST0130,Female,0,No,Yes,50,Yes,DSL,One year,35.57,469.93,0
CUST0131,Male,1,Yes,Yes,8,Yes,Fiber optic,One year,42.57,2967.67,0
CUST0132,Male,0,No,No,41,Yes,Fiber optic,Month-to-month,41.18,4056.36,1
CUST0133,Male,0,Yes,No,6,Yes,Fiber optic,One year,99.25,4491.58,0
CUST0134,Male,0,No,Yes,69,Yes,Fiber optic,Month-to-month,38.69,5834.35,1
CUST0135,Male,0,Yes,Yes,44,Yes,Fiber optic,Month-to-month,26.67,2851.67,1
CUST0136,Male,0,No,No,64,Yes,Fiber optic,Month-to-month,119.86,4909.22,1
CUST0137,Male,0,No,No,29,No,Fiber optic,One year,22.48,4691.3,0
CUST0138,Male,0,Yes,Yes,28,Yes,No,Month-to-month,103.52,4389.98,1
CUST0139,Male,0,Yes,No,11,No,Fiber optic,Month-to-month,56.54,5131.06,1
CUST0140,Female,0,No,No,65,Yes,DSL,Month-to-month,104.16,2090.4,1
CUST0141,Male,0,Yes,No,19,Yes,DSL,Month-to-month,75.46,695.5,1
CUST0142,Female,0,Yes,No,9,Yes,DSL,Month-to-month,110.16,971.79,1
CUST0143,Female,0,Yes,Yes,27,Yes,DSL,One year,112.62,1812.17,0
CUST0144,Female,0,Yes,No,34,Yes,DSL,One year,20.91,4011.58,0
CUST0145,Male,1,No,No,44,Yes,Fiber optic,Month-to-month,27.54,6726.73,1
CUST0146,Male,0,No,Yes,68,Yes,Fiber optic,Month-to-month,45.04,5616.32,1
CUST0147,Male,0,Yes,Yes,15,Yes,Fiber optic,Month-to-month,86.93,6316.54,1
CUST0148,Male,0,Yes,No,51,Yes,Fiber optic,Two year,108.83,2820.79,0
CUST0149,Female,0,Yes,No,13,Yes,DSL,Month-to-month,65.99,3249.14,1
CUST0150,Male,0,Yes,No,49,Yes,DSL,Month-to-month,80.7,3161.58,1
CUST0151,Male,0,No,No,70,Yes,DSL,Month-to-month,38.85,1551.15,1
CUST0152,Male,0,No,Yes,56,Yes,Fiber optic,One year,100.5,508.51,0
CUST0153,Male,0,Yes,Yes,51,Yes,DSL,Two year,116.73,4735.51,0
CUST0154,Male,0,Yes,Yes,37,Yes,DSL,One year,46.86,7913.95,0
CUST0155,Female,0,Yes,No,17,Yes,Fiber optic,One year,69.48,1351.3,0
CUST0156,Male,0,No,No,58,Yes,Fiber optic,Month-to-month,28.61,392.54,1
CUST0157,Female,0,Yes,No,29,Yes,DSL,Month-to-month,75.91,6240.66,1
CUST0158,Male,0,No,No,33,Yes,Fiber optic,Month-to-month,70.28,2035.64,1
CUST0159,Female,0,Yes,Yes,60,Yes,Fiber optic,Month-to-month,34.44,6640.56,1
CUST0160,Male,0,No,Yes,55,Yes,Fiber optic,Month-to-month,64.21,5637.41,1
CUST0161,Male,1,Yes,No,10,Yes,No,Month-to-month,53.41,7566.47,1
CUST0162,Female,0,No,Yes,47,Yes,DSL,Month-to-month,72.18,3283.24,1
CUST0163,Female,0,Yes,No,23,Yes,DSL,Two year,78.57,5302.52,0
CUST0164,Female,0,Yes,No,21,Yes,Fiber optic,One year,20.85,3729.54,0
CUST0165,Male,0,Yes,Yes,13,Yes,Fiber optic,One year,96.1,5052.1,0
CUST0166,Female,0,No,No,33,Yes,Fiber optic,One year,91.3,3607.8,0
CUST0167,Male,0,Yes,No,24,Yes,Fiber optic,Month-to-month,56.63,1525.29,1
CUST0168,Male,0,No,Yes,11,Yes,Fiber optic,One year,25.29,4073.02,0
CUST0169,Female,0,No,No,17,Yes,No,Month-to-month,95.49,4238.1,1
CUST0170,Female,0,Yes,No,68,Yes,No,One year,115.52,6488.62,0
CUST0171,Male,1,Yes,Yes,47,Yes,Fiber optic,Month-to-month,44.02,5889.46,1
CUST0172,Male,0,Yes,No,25,Yes,DSL,Two year,52.35,5317.06,0
CUST0173,Female,0,No,Yes,21,Yes,Fiber optic,Month-to-month,38.38,924.83,1
CUST0174,Female,0,Yes,No,12,Yes,DSL,Month-to-month,77.69,5770.52,1
CUST0175,Female,1,No,Yes,37,Yes,DSL,Two year,35.48,4012.44,0
CUST0176,Male,0,No,Yes,42,Yes,Fiber optic,Month-to-month,55.62,7154.91,1
CUST0177,Male,0,Yes,Yes,17,Yes,DSL,One year,89.7,7360.57,0
CUST0178,Male,1,Yes,No,48,Yes,DSL,One year,76.01,460.15,0
CUST0179,Male,1,Yes,Yes,28,Yes,DSL,One year,58.65,6568.72,0
CUST0180,Male,0,Yes,Yes,41,Yes,Fiber optic,Two year,62.02,320.83,0
CUST0181,Male,0,Yes,Yes,47,Yes,Fiber optic,Two year,76.21,2950.01,0
CUST0182,Female,0,Yes,Yes,18,Yes,Fiber optic,Month-to-month,20.59,4347.55,1
CUST0183,Male,0,No,Yes,71,Yes,DSL,One year,27.85,1201.84,0
CUST0184,Male,1,No,No,13,No,Fiber optic,One year,108.13,5975.58,0
CUST0185,Male,0,No,No,13,Yes,Fiber optic,One year,27.79,86.67,0
CUST0186,Female,0,Yes,No,31,Yes,DSL,Month-to-month,90.68,1365.42,1
CUST0187,Male,0,No,No,2,Yes,Fiber optic,One year,112.0,4654.76,0
CUST0188,Male,0,No,No,16,Yes,DSL,Two year,47.07,5720.81,0
CUST0189,Female,0,No,No,9,Yes,No,Two year,57.05,7334.81,0
CUST0190,Male,0,No,No,38,Yes,Fiber optic,Month-to-month,76.89,5649.86,1
CUST0191,Male,0,No,Yes,54,Yes,No,Month-to-month,108.17,5380.8,1
CUST0192,Male,0,Yes,No,56,Yes,DSL,Month-to-month,114.19,3166.84,1
CUST0193,Male,0,Yes,Yes,45,Yes,Fiber optic,One year,93.96,30.25,0
CUST0194,Male,0,No,Yes,34,Yes,Fiber optic,One year,28.66,978.87,0
CUST0195,Female,0,No,No,9,Yes,Fiber optic,Month-to-month,86.92,4285.75,1
CUST0196,Female,0,No,Yes,8,Yes,No,Month-to-month,61.03,5407.54,1
CUST0197,Female,0,Yes,Yes,7,Yes,DSL,Month-to-month,67.07,3351.24,1
CUST0198,Male,0,Yes,Yes,36,Yes,DSL,Month-to-month,24.91,5850.82,1
CUST0199,Male,0,No,Yes,18,Yes,Fiber optic,Two year,39.11,4184.46,0
CUST0200,Male,0,Yes,No,3,Yes,Fiber optic,One year,99.05,611.93,0
CUST0201,Female,0,Yes,No,28,No,Fiber optic,Month-to-month,65.4,1552.29,1
CUST0202,Male,0,No,No,70,Yes,DSL,Month-to-month,50.17,6723.19,1
CUST0203,Male,0,Yes,No,44,Yes,Fiber optic,Month-to-month,58.4,5804.8,1
CUST0204,Female,0,Yes,No,21,Yes,DSL,Two year,105.44,7160.2,0
CUST0205,Male,1,No,No,28,Yes,Fiber optic,Month-to-month,94.9,958.11,1
CUST0206,Female,0,Yes,No,54,Yes,Fiber optic,Month-to-month,47.23,7921.98,1
CUST0207,Female,0,Yes,No,54,Yes,Fiber optic,Month-to-month,31.75,1691.07,1
CUST0208,Female,0,No,No,65,Yes,DSL,One year,45.2,114.0,0
CUST0209,Male,0,Yes,No,21,Yes,Fiber optic,One year,112.08,7979.44,0
CUST0210,Male,0,Yes,Yes,13,Yes,DSL,One year,78.16,2262.97,0
CUST0211,Male,0,No,No,57,Yes,DSL,Month-to-month,73.35,5350.8,1
CUST0212,Male,0,No,Yes,49,Yes,Fiber optic,Month-to-month,79.64,1429.92,1
CUST0213,Male,0,No,Yes,54,Yes,No,Month-to-month,56.6,4650.22,1
CUST0214,Male,0,Yes,Yes,10,Yes,DSL,One year,100.71,7234.2,0
CUST0215,Male,1,No,Yes,53,Yes,Fiber optic,Month-to-month,72.33,2575.05,1
CUST0216,Female,0,Yes,No,44,Yes,Fiber optic,Month-to-month,31.67,5368.63,1
CUST0217,Male,1,No,Yes,47,Yes,Fiber optic,Two year,32.91,1519.47,0
CUST0218,Female,0,Yes,No,53,Yes,DSL,Two year,73.69,5005.87,0
CUST0219,Male,0,No,No,46,No,No,Month-to-month,113.66,2704.87,1
CUST0220,Male,1,No,Yes,13,No,DSL,Month-to-month,50.84,1705.44,1
CUST0221,Male,0,No,No,37,Yes,DSL,Month-to-month,106.95,2519.19,1
CUST0222,Female,0,No,Yes,24,Yes,DSL,One year,96.41,1447.15,0
CUST0223,Female,0,Yes,Yes,2,Yes,Fiber optic,One year,44.78,7217.29,0
CUST0224,Female,0,No,No,14,Yes,DSL,Month-to-month,23.63,3189.55,1
CUST0225,Female,0,No,No,10,Yes,DSL,Month-to-month,30.18,1977.33,1
CUST0226,Male,0,Yes,Yes,35,Yes,DSL,One year,92.85,3598.29,0
CUST0227,Female,0,No,No,25,Yes,Fiber optic,Two year,39.97,2577.88,0
CUST0228,Male,0,Yes,No,3,Yes,Fiber optic,Month-to-month,57.13,5960.47,1
CUST0229,Male,0,No,No,17,Yes,DSL,Month-to-month,70.17,7770.33,1
CUST0230,Female,0,No,Yes,12,Yes,Fiber optic,Month-to-month,92.55,3515.51,1
CUST0231,Female,0,No,Yes,54,Yes,Fiber optic,Month-to-month,31.32,6891.05,1
CUST0232,Female,0,Yes,No,24,Yes,Fiber optic,Two year,60.64,4535.59,0
CUST0233,Female,0,No,No,29,Yes,DSL,One year,68.51,1274.74,0
CUST0234,Female,0,No,No,43,Yes,Fiber optic,One year,74.08,5531.17,0
CUST0235,Female,1,No,No,25,Yes,No,Month-to-month,101.84,4117.21,1
CUST0236,Female,0,Yes,No,60,Yes,Fiber optic,One year,37.17,5211.84,0
CUST0237,Female,0,Yes,Yes,65,Yes,DSL,Month-to-month,100.78,7119.71,1
CUST0238,Male,0,No,No,28,Yes,Fiber optic,Month-to-month,89.29,3534.67,1
CUST0239,Female,0,Yes,Yes,16,Yes,Fiber optic,Month-to-month,75.59,7211.4,1
CUST0240,Female,0,No,No,47,Yes,Fiber optic,Month-to-month,89.95,6010.34,1
CUST0241,Male,0,No,Yes,58,Yes,DSL,One year,61.2,3919.07,0
CUST0242,Female,0,No,No,27,Yes,DSL,Month-to-month,33.84,4833.71,1
CUST0243,Male,0,No,Yes,53,Yes,Fiber optic,Month-to-month,86.58,2618.14,1
CUST0244,Male,0,No,No,42,Yes,Fiber optic,Month-to-month,72.47,7869.11,1
CUST0245,Female,1,No,Yes,59,Yes,DSL,Month-to-month,83.94,5345.46,1
CUST0246,Male,0,No,Yes,47,Yes,No,Month-to-month,53.8,369.9,1
CUST0247,Male,0,Yes,Yes,34,No,DSL,Month-to-month,110.69,2626.44,1
CUST0248,Male,1,Yes,Yes,37,Yes,Fiber optic,One year,78.74,4994.05,0
CUST0249,Male,0,Yes,Yes,6,Yes,Fiber optic,Month-to-month,28.54,469.54,1
CUST0250,Female,0,Yes,Yes,7,Yes,Fiber optic,Month-to-month,64.98,210.6,1
CUST0251,Male,1,Yes,No,25,Yes,No,Month-to-month,95.64,3611.19,1
CUST0252,Female,0,Yes,Yes,33,No,DSL,One year,99.41,2674.87,0
CUST0253,Male,0,Yes,No,55,Yes,Fiber optic,Month-to-month,69.46,3517.62,1
CUST0254,Male,0,No,No,58,Yes,DSL,Month-to-month,109.47,2116.29,1
CUST0255,Male,0,No,No,7,Yes,Fiber optic,Month-to-month,46.77,1334.45,1
CUST0256,Male,0,No,No,57,Yes,Fiber optic,Month-to-month,61.06,5519.36,1
CUST0257,Female,0,No,No,12,Yes,Fiber optic,Month-to-month,109.86,4126.28,1
CUST0258,Female,1,Yes,Yes,16,Yes,DSL,One year,109.63,1617.23,0
CUST0259,Male,0,Yes,Yes,43,Yes,Fiber optic,One year,88.57,2570.32,0
CUST0260,Male,0,No,Yes,7,No,DSL,Month-to-month,105.9,4742.63,1
CUST0261,Female,0,No,No,51,Yes,DSL,One year,28.88,596.39,0
CUST0262,Male,0,Yes,Yes,32,Yes,Fiber optic,One year,106.5,1196.68,0
CUST0263,Male,0,No,Yes,8,Yes,Fiber optic,Month-to-month,52.06,604.5,1
CUST0264,Male,0,No,Yes,45,Yes,Fiber optic,Month-to-month,37.83,6502.29,1
CUST0265,Female,0,No,Yes,59,Yes,DSL,Month-to-month,43.94,6024.23,1
CUST0266,Female,0,No,Yes,4,Yes,DSL,Month-to-month,61.8,6031.44,1
CUST0267,Female,1,Yes,No,67,Yes,Fiber optic,One year,45.12,5736.28,0
CUST0268,Male,0,No,Yes,29,Yes,Fiber optic,Two year,52.06,5361.7,0
CUST0269,Male,0,No,No,29,Yes,DSL,Two year,33.5,3826.4,0
CUST0270,Female,0,Yes,No,28,No,Fiber optic,One year,49.62,5145.38,0
CUST0271,Female,0,Yes,No,44,Yes,Fiber optic,Month-to-month,77.23,326.13,1
CUST0272,Female,0,No,No,4,Yes,Fiber optic,Month-to-month,64.19,4979.29,1
CUST0273,Female,0,Yes,No,9,Yes,Fiber optic,One year,54.67,6227.46,0
CUST0274,Male,0,No,Yes,5,Yes,Fiber optic,Month-to-month,94.65,4012.86,1
CUST0275,Female,0,No,Yes,56,Yes,Fiber optic,One year,109.35,2872.96,0
CUST0276,Male,0,Yes,Yes,50,Yes,Fiber optic,One year,95.68,2233.87,0
CUST0277,Female,0,No,No,15,Yes,DSL,One year,53.2,5149.56,0
CUST0278,Male,0,No,Yes,32,Yes,Fiber optic,One year,94.44,5548.55,0
CUST0279,Female,0,No,Yes,28,Yes,Fiber optic,Month-to-month,35.2,6970.32,1
CUST0280,Female,0,No,No,22,Yes,Fiber optic,One year,33.03,2751.83,0
CUST0281,Female,0,Yes,No,17,Yes,DSL,Two year,54.56,6162.78,0
CUST0282,Female,0,Yes,No,59,Yes,Fiber optic,Month-to-month,100.77,4499.62,1
CUST0283,Male,0,No,No,71,Yes,Fiber optic,One year,44.63,7065.04,0
CUST0284,Female,0,Yes,Yes,57,Yes,DSL,Month-to-month,26.33,4231.94,1
CUST0285,Male,1,No,No,26,Yes,Fiber optic,Two year,33.17,4150.69,0
CUST0286,Male,0,No,No,25,Yes,Fiber optic,Month-to-month,105.87,4631.46,1
CUST0287,Male,0,No,Yes,10,Yes,DSL,Month-to-month,83.38,5999.54,1
CUST0288,Male,0,No,Yes,45,Yes,No,Month-to-month,45.32,7718.23,1
CUST0289,Female,1,No,No,11,Yes,Fiber optic,One year,75.53,607.04,0
CUST0290,Male,0,Yes,Yes,53,Yes,Fiber optic,Month-to-month,72.76,446.41,1
CUST0291,Male,0,No,No,68,Yes,DSL,Month-to-month,85.54,7501.65,1
CUST0292,Male,0,Yes,No,28,Yes,DSL,Month-to-month,43.32,4248.41,1
CUST0293,Female,0,Yes,Yes,65,Yes,No,Two year,106.44,4926.93,0
CUST0294,Female,0,No,Yes,49,Yes,DSL,Month-to-month,50.94,3869.74,1
CUST0295,Female,1,No,No,47,Yes,Fiber optic,Month-to-month,89.41,767.39,1
CUST0296,Female,1,No,No,52,Yes,DSL,One year,21.61,6149.35,0
CUST0297,Male,0,No,No,54,No,DSL,Month-to-month,57.27,5982.85,1
CUST0298,Male,0,No,Yes,60,Yes,DSL,Two year,55.17,2507.39,0
CUST0299,Female,1,Yes,No,57,Yes,Fiber optic,Month-to-month,74.35,2463.79,1
CUST0300,Male,0,No,No,47,Yes,No,One year,27.27,6705.97,0
CUST0301,Male,0,No,No,31,Yes,DSL,Month-to-month,99.01,597.41,1
CUST0302,Male,0,Yes,No,46,Yes,DSL,Month-to-month,41.78,7051.22,1
CUST0303,Female,0,Yes,No,26,Yes,DSL,One year,87.7,2068.16,0
CUST0304,Female,0,No,Yes,5,Yes,Fiber optic,Month-to-month,100.32,4752.02,1
CUST0305,Male,0,Yes,No,52,Yes,Fiber optic,One year,76.19,7489.23,0
CUST0306,Female,1,No,No,54,Yes,Fiber optic,Month-to-month,94.09,5431.42,1
CUST0307,Female,1,Yes,No,33,No,Fiber optic,Month-to-month,86.19,3327.15,1
CUST0308,Female,0,Yes,No,50,Yes,Fiber optic,Month-to-month,55.55,5522.48,1
CUST0309,Female,0,No,Yes,38,No,DSL,Two year,100.89,2764.96,0
CUST0310,Female,1,Yes,Yes,27,Yes,No,Month-to-month,49.47,2232.52,1
CUST0311,Male,0,Yes,Yes,15,Yes,DSL,Month-to-month,77.12,7973.53,1
CUST0312,Female,0,Yes,No,61,Yes,DSL,Month-to-month,94.54,6011.31,1
CUST0313,Male,1,Yes,No,21,Yes,Fiber optic,Month-to-month,57.9,5164.87,1
CUST0314,Male,1,Yes,Yes,46,Yes,Fiber optic,Month-to-month,50.28,2855.21,1
CUST0315,Female,0,Yes,Yes,69,No,Fiber optic,Two year,65.93,412.3,0
CUST0316,Male,0,No,Yes,6,Yes,Fiber optic,Month-to-month,101.8,267.83,1
CUST0317,Male,0,No,No,38,Yes,Fiber optic,Two year,112.99,4442.37,0
CUST0318,Male,0,Yes,No,62,Yes,DSL,Month-to-month,74.51,6101.02,1
CUST0319,Female,0,No,Yes,62,Yes,Fiber optic,One year,86.15,4308.29,0
CUST0320,Female,0,No,Yes,46,No,Fiber optic,Two year,110.33,6729.46,0
CUST0321,Male,0,No,Yes,13,Yes,Fiber optic,Month-to-month,29.85,286.74,1
CUST0322,Female,0,Yes,No,3,Yes,Fiber optic,Two year,43.21,2946.68,0
CUST0323,Female,0,No,No,6,Yes,DSL,Month-to-month,90.89,1911.82,1
CUST0324,Female,0,Yes,No,8,Yes,Fiber optic,Two year,102.37,3589.24,0
CUST0325,Female,1,No,Yes,44,No,Fiber optic,One year,105.7,597.56,0
CUST0326,Male,0,Yes,Yes,33,Yes,DSL,Month-to-month,61.51,7633.97,1
CUST0327,Male,0,Yes,No,50,Yes,Fiber optic,Month-to-month,28.93,1801.58,1
CUST0328,Female,0,No,Yes,11,Yes,No,Month-to-month,63.78,7380.02,1
CUST0329,Female,0,No,No,28,Yes,Fiber optic,Month-to-month,43.07,3418.63,1
CUST0330,Male,0,Yes,Yes,70,Yes,No,Month-to-month,49.12,7884.48,1
CUST0331,Male,0,No,Yes,41,Yes,DSL,Month-to-month,97.23,4441.39,1
CUST0332,Female,0,No,Yes,16,Yes,DSL,Month-to-month,27.55,7448.05,1
CUST0333,Male,0,No,Yes,68,No,DSL,One year,102.76,62.68,0
CUST0334,Female,0,Yes,No,48,Yes,Fiber optic,Month-to-month,62.77,5990.95,1
CUST0335,Female,0,Yes,Yes,56,Yes,DSL,Month-to-month,79.61,7226.34,1
CUST0336,Male,1,No,No,64,No,DSL,One year,28.97,1134.97,0
CUST0337,Male,0,No,No,59,Yes,No,Month-to-month,53.74,787.08,1
CUST0338,Female,0,No,No,62,Yes,Fiber optic,Month-to-month,28.97,3408.09,1
CUST0339,Female,0,Yes,Yes,11,Yes,Fiber optic,Month-to-month,116.15,7470.76,1
CUST0340,Male,0,Yes,No,18,Yes,DSL,Two year,100.73,4348.24,0
CUST0341,Female,0,No,No,19,Yes,DSL,One year,65.96,4229.1,0
CUST0342,Male,0,No,No,55,No,DSL,Month-to-month,42.36,1146.19,1
CUST0343,Female,1,No,Yes,26,Yes,Fiber optic,One year,113.35,26.3,0
CUST0344,Male,0,No,Yes,6,Yes,No,Month-to-month,54.46,6484.92,1
CUST0345,Male,0,No,No,4,Yes,Fiber optic,One year,36.1,718.85,0
CUST0346,Male,0,No,Yes,29,Yes,DSL,One year,76.32,5078.12,0
CUST0347,Female,1,Yes,No,59,Yes,Fiber optic,One year,114.38,7318.64,0
CUST0348,Female,0,No,No,17,Yes,DSL,Month-to-month,20.38,1685.04,1
CUST0349,Male,0,Yes,Yes,43,Yes,DSL,Month-to-month,43.81,5328.88,1
CUST0350,Female,0,No,No,66,Yes,Fiber optic,Month-to-month,113.84,648.01,1
CUST0351,Male,0,No,Yes,34,No,Fiber optic,Two year,37.11,4837.97,0
CUST0352,Male,0,Yes,Yes,8,Yes,DSL,Month-to-month,31.32,1328.18,1
CUST0353,Female,1,Yes,No,13,Yes,DSL,One year,77.02,5892.91,0
CUST0354,Female,0,Yes,Yes,8,Yes,No,Two year,106.18,2423.83,0
CUST0355,Male,0,Yes,Yes,65,Yes,DSL,Month-to-month,67.71,3717.86,1
CUST0356,Female,0,No,No,43,Yes,DSL,One year,119.46,4803.46,0
CUST0357,Female,0,Yes,No,39,Yes,DSL,One year,87.92,1386.76,0
CUST0358,Male,0,No,Yes,59,Yes,DSL,Two year,27.41,5938.27,0
CUST0359,Male,0,Yes,Yes,44,Yes,DSL,Two year,119.28,2435.07,0
CUST0360,Female,0,No,No,9,Yes,Fiber optic,One year,60.79,5305.73,0
CUST0361,Male,0,No,Yes,37,Yes,DSL,Month-to-month,48.74,1283.1,1
CUST0362,Male,0,No,Yes,36,No,Fiber optic,One year,75.79,5511.18,0
CUST0363,Female,0,No,Yes,28,Yes,Fiber optic,Month-to-month,50.43,1042.94,1
CUST0364,Male,0,No,Yes,42,Yes,Fiber optic,One year,28.65,3414.34,0
CUST0365,Male,0,No,Yes,43,Yes,Fiber optic,Two year,20.14,1992.7,0
CUST0366,Female,0,Yes,Yes,42,Yes,Fiber optic,Month-to-month,64.96,5992.03,1
CUST0367,Female,0,No,Yes,66,Yes,DSL,One year,103.69,2111.04,0
CUST0368,Male,1,Yes,No,55,Yes,Fiber optic,Month-to-month,77.23,7056.1,1
CUST0369,Male,1,Yes,No,48,Yes,Fiber optic,Month-to-month,119.92,7136.73,1
CUST0370,Female,0,No,No,22,Yes,No,Month-to-month,48.68,1587.6,1
CUST0371,Female,0,Yes,No,27,Yes,Fiber optic,One year,48.05,4918.49,0
CUST0372,Female,0,No,No,67,Yes,No,Two year,35.97,719.99,0
CUST0373,Female,0,Yes,Yes,13,Yes,Fiber optic,Two year,36.41,3144.47,0
CUST0374,Male,0,No,Yes,45,Yes,DSL,Month-to-month,48.52,5712.31,1
CUST0375,Female,0,Yes,Yes,10,Yes,Fiber optic,Two year,99.28,5282.2,0
CUST0376,Female,0,No,Yes,9,Yes,No,One year,110.58,5005.11,0
CUST0377,Male,0,No,No,54,Yes,Fiber optic,Month-to-month,117.51,2274.68,1
CUST0378,Female,0,No,Yes,27,Yes,DSL,Month-to-month,43.23,3036.64,1
CUST0379,Male,0,No,Yes,34,Yes,Fiber optic,Month-to-month,108.13,841.51,1
CUST0380,Female,0,Yes,No,1,Yes,DSL,Two year,52.83,5757.8,0
CUST0381,Female,0,No,Yes,32,Yes,DSL,One year,31.28,4041.03,0
CUST0382,Female,0,Yes,Yes,71,No,Fiber optic,One year,107.0,5675.95,0
CUST0383,Male,0,Yes,No,67,Yes,DSL,Month-to-month,83.61,2006.57,1
CUST0384,Male,0,Yes,Yes,20,Yes,Fiber optic,One year,36.47,2609.02,0
CUST0385,Female,0,No,Yes,35,Yes,DSL,Month-to-month,62.98,2687.04,1
CUST0386,Male,0,Yes,Yes,17,No,Fiber optic,Month-to-month,48.73,225.42,1
CUST0387,Male,0,Yes,Yes,18,Yes,DSL,One year,93.68,2741.56,0
CUST0388,Male,0,Yes,Yes,45,Yes,DSL,Month-to-month,65.34,6430.37,1
CUST0389,Male,0,No,No,53,Yes,DSL,One year,118.93,7180.44,0
CUST0390,Male,0,No,No,68,Yes,DSL,Month-to-month,25.47,4155.38,1
CUST0391,Male,1,Yes,No,65,Yes,DSL,One year,55.5,3654.9,0
CUST0392,Female,0,No,No,1,Yes,DSL,Month-to-month,68.19,265.98,1
CUST0393,Female,0,No,No,58,Yes,Fiber optic,Month-to-month,70.31,7036.05,1
CUST0394,Male,0,Yes,No,26,Yes,DSL,Month-to-month,51.59,123.82,1
CUST0395,Female,0,Yes,Yes,20,Yes,Fiber optic,Month-to-month,92.92,7559.11,1
CUST0396,Female,0,No,No,10,Yes,DSL,Two year,107.47,3923.95,0
CUST0397,Female,1,Yes,No,59,Yes,Fiber optic,Month-to-month,113.87,2748.64,1
CUST0398,Female,0,No,Yes,41,Yes,No,One year,100.51,7395.26,0
CUST0399,Male,0,No,Yes,5,Yes,Fiber optic,Two year,105.06,214.64,0
CUST0400,Female,0,No,No,65,No,DSL,Month-to-month,75.05,4659.77,1
CUST0401,Female,0,No,Yes,17,Yes,DSL,Month-to-month,102.59,4400.48,1
CUST0402,Male,0,No,No,22,Yes,No,One year,50.35,1770.18,0
CUST0403,Male,0,No,Yes,41,Yes,DSL,Two year,59.85,3442.52,0
CUST0404,Female,0,Yes,No,68,Yes,DSL,Two year,51.69,5225.07,0
CUST0405,Female,1,Yes,Yes,69,Yes,DSL,Month-to-month,66.74,5822.51,1
CUST0406,Female,0,No,Yes,11,Yes,DSL,One year,48.56,25.72,0
CUST0407,Female,0,No,No,56,Yes,DSL,Month-to-month,116.16,7496.09,1
CUST0408,Female,0,No,No,51,Yes,Fiber optic,Two year,51.28,1332.91,0
CUST0409,Female,0,Yes,No,21,Yes,DSL,Two year,29.8,1883.97,0
CUST0410,Male,0,No,No,26,Yes,Fiber optic,Month-to-month,72.68,2122.52,1
CUST0411,Female,0,Yes,No,19,Yes,DSL,Month-to-month,25.71,321.8,1
CUST0412,Female,0,No,Yes,60,No,DSL,Month-to-month,31.05,1001.96,1
CUST0413,Male,0,No,No,71,Yes,No,Month-to-month,41.94,7891.07,1
CUST0414,Male,0,Yes,No,47,No,DSL,One year,66.44,2535.43,0
CUST0415,Male,0,Yes,Yes,71,Yes,Fiber optic,Month-to-month,63.33,940.1,1
CUST0416,Male,0,No,Yes,26,No,Fiber optic,Month-to-month,99.97,873.79,1
CUST0417,Female,1,No,No,40,Yes,DSL,Month-to-month,93.95,5761.29,1
CUST0418,Female,0,No,Yes,5,Yes,No,Two year,62.63,6839.46,0
CUST0419,Female,0,Yes,Yes,21,Yes,DSL,One year,53.37,2070.48,0
CUST0420,Female,1,Yes,No,4,Yes,Fiber optic,Month-to-month,51.65,186.86,1
CUST0421,Female,0,Yes,Yes,23,Yes,DSL,Month-to-month,97.4,1800.26,1
CUST0422,Female,1,Yes,Yes,15,Yes,Fiber optic,Two year,25.21,471.0,0
CUST0423,Male,0,Yes,No,8,Yes,DSL,One year,21.28,845.09,0
CUST0424,Female,0,Yes,No,41,Yes,Fiber optic,Month-to-month,99.55,3463.43,1
CUST0425,Male,0,No,Yes,19,Yes,Fiber optic,Month-to-month,67.71,1854.75,1
CUST0426,Male,0,No,Yes,46,Yes,No,Month-to-month,33.09,4137.25,1
CUST0427,Female,0,Yes,No,28,Yes,No,Month-to-month,43.56,2042.88,1
CUST0428,Male,0,No,Yes,68,Yes,Fiber optic,Month-to-month,113.25,7525.49,1
CUST0429,Female,0,No,Yes,15,Yes,Fiber optic,Two year,105.95,7249.43,0
CUST0430,Male,0,Yes,Yes,37,Yes,DSL,Month-to-month,90.98,4543.11,1
CUST0431,Female,0,No,No,1,Yes,DSL,One year,68.22,2848.3,0
CUST0432,Male,1,Yes,Yes,67,Yes,DSL,Month-to-month,72.03,3061.55,1
CUST0433,Female,0,Yes,Yes,24,Yes,DSL,One year,117.52,3306.58,0
CUST0434,Female,0,No,No,27,Yes,DSL,One year,116.58,5826.08,0
CUST0435,Female,0,Yes,Yes,40,Yes,Fiber optic,Month-to-month,41.53,3624.08,1
CUST0436,Female,0,Yes,Yes,63,Yes,DSL,Month-to-month,101.11,6856.7,1
CUST0437,Female,1,Yes,No,61,Yes,Fiber optic,One year,39.72,7553.88,0
CUST0438,Male,0,Yes,No,36,Yes,DSL,Month-to-month,41.35,2700.85,1
CUST0439,Male,0,Yes,No,24,Yes,DSL,Month-to-month,87.61,4494.34,1
CUST0440,Male,0,Yes,No,24,Yes,Fiber optic,Month-to-month,60.5,778.55,1
CUST0441,Female,0,Yes,Yes,4,Yes,Fiber optic,Two year,113.15,1619.74,0
CUST0442,Male,0,Yes,Yes,67,Yes,Fiber optic,Month-to-month,28.9,3319.46,1
CUST0443,Female,0,No,No,34,Yes,Fiber optic,One year,71.15,1665.5,0
CUST0444,Female,0,No,No,57,Yes,DSL,Month-to-month,111.85,7014.95,1
CUST0445,Male,0,No,Yes,49,Yes,Fiber optic,One year,110.41,1283.12,0
CUST0446,Male,0,Yes,No,53,Yes,DSL,Month-to-month,35.65,3656.17,1
CUST0447,Female,1,Yes,Yes,23,No,DSL,Two year,56.66,4853.48,0
CUST0448,Male,1,No,No,69,Yes,Fiber optic,Month-to-month,81.91,5541.07,1
CUST0449,Female,0,No,Yes,53,No,DSL,One year,35.94,3076.89,0
CUST0450,Female,0,No,No,62,Yes,DSL,One year,116.8,6955.41,0
CUST0451,Female,0,Yes,No,41,Yes,No,Month-to-month,111.47,4555.19,1
CUST0452,Female,0,No,Yes,57,Yes,No,Month-to-month,36.7,3527.27,1
CUST0453,Female,1,No,No,60,Yes,DSL,Month-to-month,32.12,556.58,1
CUST0454,Male,0,Yes,Yes,54,Yes,DSL,Month-to-month,28.54,3728.22,1
CUST0455,Male,0,No,Yes,70,Yes,DSL,Two year,110.94,6569.47,0
CUST0456,Female,0,Yes,Yes,57,Yes,DSL,Month-to-month,39.36,4924.04,1
CUST0457,Female,0,Yes,Yes,10,No,No,Month-to-month,61.63,6660.66,1
CUST0458,Male,0,Yes,Yes,40,Yes,DSL,One year,64.89,3962.21,0
CUST0459,Male,0,No,No,7,Yes,Fiber optic,Month-to-month,79.9,965.32,1
CUST0460,Female,0,No,No,38,Yes,DSL,Month-to-month,27.17,128.85,1
CUST0461,Male,0,Yes,Yes,61,Yes,No,Month-to-month,42.68,2439.69,1
CUST0462,Female,0,No,No,3,Yes,DSL,Two year,113.15,5589.96,0
CUST0463,Male,0,No,Yes,51,Yes,Fiber optic,Two year,110.84,6326.27,0
CUST0464,Female,0,No,No,47,No,DSL,Two year,98.13,2380.11,0
CUST0465,Male,0,No,No,68,Yes,Fiber optic,Month-to-month,21.94,3975.32,1
CUST0466,Female,0,Yes,No,38,Yes,DSL,One year,52.7,3380.53,0
CUST0467,Male,0,No,No,36,Yes,DSL,Month-to-month,82.8,3295.97,1
CUST0468,Male,0,Yes,Yes,41,Yes,No,Month-to-month,47.52,1866.16,1
CUST0469,Female,0,Yes,Yes,69,Yes,No,Month-to-month,110.96,1108.24,1
CUST0470,Male,0,No,No,13,Yes,Fiber optic,Month-to-month,83.39,1589.57,1
CUST0471,Female,1,Yes,No,58,Yes,Fiber optic,Month-to-month,27.19,461.55,1
CUST0472,Male,0,No,Yes,50,Yes,Fiber optic,Month-to-month,110.9,1601.08,1
CUST0473,Female,0,No,No,30,Yes,DSL,Month-to-month,115.78,93.42,1
CUST0474,Male,0,Yes,Yes,62,Yes,DSL,Month-to-month,27.77,5025.52,1
CUST0475,Female,0,Yes,Yes,25,Yes,DSL,One year,73.24,2544.68,0
CUST0476,Male,0,Yes,Yes,27,Yes,Fiber optic,Month-to-month,50.34,7785.69,1
CUST0477,Female,0,Yes,No,51,Yes,DSL,One year,59.28,1565.86,0
CUST0478,Male,0,No,Yes,57,Yes,DSL,Month-to-month,37.97,2779.71,1
CUST0479,Female,0,No,No,47,Yes,Fiber optic,One year,77.81,2875.57,0
CUST0480,Female,0,No,Yes,39,Yes,Fiber optic,Month-to-month,115.8,87.44,1
CUST0481,Female,0,Yes,No,16,Yes,DSL,Month-to-month,70.31,6716.88,1
CUST0482,Male,0,Yes,No,22,Yes,DSL,Month-to-month,28.29,275.32,1
CUST0483,Female,0,Yes,No,54,Yes,DSL,One year,82.0,7522.64,0
CUST0484,Male,0,No,Yes,21,Yes,DSL,One year,54.02,7138.75,0
CUST0485,Female,0,Yes,Yes,16,Yes,DSL,Month-to-month,105.59,4293.46,1
CUST0486,Male,0,No,No,59,Yes,Fiber optic,Month-to-month,63.47,4357.89,1
CUST0487,Female,0,Yes,No,31,Yes,Fiber optic,Two year,39.28,5237.15,0
CUST0488,Male,0,No,No,42,Yes,Fiber optic,One year,39.11,3108.66,0
CUST0489,Male,0,No,Yes,32,Yes,DSL,Month-to-month,96.88,5184.83,1
CUST0490,Female,0,Yes,Yes,59,Yes,Fiber optic,Month-to-month,46.56,377.25,1
CUST0491,Male,0,Yes,Yes,34,Yes,DSL,Month-to-month,96.72,451.3,1
CUST0492,Male,0,No,Yes,9,Yes,Fiber optic,One year,40.59,3668.7,0
CUST0493,Female,0,No,No,11,No,Fiber optic,Month-to-month,52.17,4405.99,1
CUST0494,Male,0,Yes,No,10,Yes,DSL,Two year,66.55,7104.78,0
CUST0495,Male,0,Yes,Yes,17,Yes,DSL,Month-to-month,114.32,855.19,1
CUST0496,Male,1,No,Yes,68,No,Fiber optic,Month-to-month,113.17,6584.73,1
CUST0497,Female,0,Yes,No,48,No,DSL,Month-to-month,40.69,1696.18,1
CUST0498,Male,1,No,Yes,52,Yes,Fiber optic,Two year,55.82,3164.79,0
CUST0499,Female,0,No,Yes,25,Yes,DSL,One year,34.94,2546.49,0
CUST0500,Male,0,Yes,Yes,21,Yes,Fiber optic,Month-to-month,71.0,3213.24,1
CUST0501,Male,0,Yes,Yes,65,Yes,DSL,One year,66.06,1220.95,0
CUST0502,Male,1,Yes,Yes,63,Yes,DSL,Month-to-month,110.08,4038.49,1
CUST0503,Female,0,Yes,Yes,51,Yes,Fiber optic,Month-to-month,113.0,6417.11,1
CUST0504,Male,0,Yes,No,36,Yes,DSL,Month-to-month,58.36,3543.44,1
CUST0505,Male,0,No,Yes,66,Yes,DSL,Month-to-month,69.17,3935.1,1
CUST0506,Female,0,No,Yes,15,Yes,DSL,Month-to-month,109.62,6793.17,1
CUST0507,Male,0,Yes,No,39,Yes,DSL,Two year,100.67,5654.34,0
CUST0508,Female,0,Yes,No,70,Yes,DSL,Month-to-month,20.37,3933.83,1
CUST0509,Female,0,Yes,No,1,Yes,DSL,Two year,52.01,2076.41,0
CUST0510,Male,0,No,Yes,23,Yes,No,Month-to-month,62.18,7081.72,1
CUST0511,Female,1,Yes,No,39,Yes,DSL,One year,42.97,4624.62,0
CUST0512,Male,1,Yes,Yes,57,Yes,Fiber optic,Month-to-month,39.96,1784.76,1
CUST0513,Female,0,No,Yes,34,No,DSL,Month-to-month,23.78,2167.58,1
CUST0514,Female,0,No,Yes,41,Yes,DSL,Month-to-month,84.34,6429.0,1
CUST0515,Male,1,Yes,No,13,Yes,No,Month-to-month,46.25,372.28,1
CUST0516,Female,0,Yes,No,70,Yes,DSL,One year,25.23,7936.9,0
CUST0517,Female,0,Yes,No,6,Yes,No,Month-to-month,43.1,1060.21,1
CUST0518,Female,1,No,No,52,Yes,DSL,One year,100.19,6372.63,0
CUST0519,Female,0,Yes,No,3,Yes,Fiber optic,Month-to-month,105.15,3170.31,1
CUST0520,Female,0,Yes,Yes,63,Yes,Fiber optic,Month-to-month,68.31,3947.89,1
CUST0521,Male,0,Yes,Yes,49,Yes,Fiber optic,Month-to-month,61.61,7047.59,1
CUST0522,Female,1,No,Yes,47,Yes,Fiber optic,Two year,117.79,3315.03,0
CUST0523,Male,1,No,Yes,55,Yes,Fiber optic,One year,40.06,4309.2,0
CUST0524,Female,1,Yes,No,64,No,DSL,Month-to-month,41.54,413.41,1
CUST0525,Male,0,Yes,No,65,No,DSL,Month-to-month,49.19,38.73,1
CUST0526,Male,1,No,Yes,67,Yes,No,Month-to-month,37.28,1973.5,1
CUST0527,Female,0,No,No,15,Yes,DSL,Two year,57.94,5451.05,0
CUST0528,Female,0,No,No,32,Yes,DSL,One year,111.08,987.69,0
CUST0529,Female,0,No,Yes,68,Yes,Fiber optic,Month-to-month,81.53,927.82,1
CUST0530,Male,0,No,Yes,18,Yes,DSL,Month-to-month,61.19,3299.47,1
CUST0531,Female,0,No,No,43,No,No,Month-to-month,113.44,5189.74,1
CUST0532,Male,0,No,No,35,Yes,Fiber optic,Two year,24.85,5702.33,0
CUST0533,Male,0,No,Yes,58,Yes,Fiber optic,Month-to-month,41.03,1444.04,1
CUST0534,Male,0,No,Yes,33,Yes,Fiber optic,One year,76.59,655.11,0
CUST0535,Female,0,Yes,Yes,14,No,DSL,Month-to-month,81.56,7524.37,1
CUST0536,Female,0,Yes,No,34,Yes,DSL,One year,23.96,2100.12,0
CUST0537,Male,0,Yes,Yes,61,Yes,Fiber optic,One year,60.3,6829.71,0
CUST0538,Male,0,No,Yes,4,Yes,DSL,One year,84.92,6910.66,0
CUST0539,Female,0,Yes,No,59,Yes,Fiber optic,One year,89.81,6184.73,0
CUST0540,Male,0,No,No,29,Yes,No,Two year,83.81,1367.29,0
CUST0541,Female,0,No,No,6,No,Fiber optic,Month-to-month,52.06,6577.98,1
CUST0542,Male,0,Yes,No,49,Yes,DSL,Month-to-month,29.35,6158.62,1
CUST0543,Female,0,No,No,40,Yes,No,Month-to-month,62.71,4781.85,1
CUST0544,Male,1,Yes,Yes,65,Yes,Fiber optic,Two year,32.88,2710.87,0
CUST0545,Female,0,Yes,Yes,69,Yes,Fiber optic,Month-to-month,114.76,2114.82,1
CUST0546,Male,0,Yes,No,27,Yes,DSL,One year,67.52,992.68,0
CUST0547,Female,0,No,No,6,Yes,No,One year,51.73,4087.86,0
CUST0548,Female,1,Yes,No,13,Yes,Fiber optic,Month-to-month,96.63,4690.38,1
CUST0549,Male,0,No,No,64,Yes,Fiber optic,Month-to-month,69.79,2887.53,1
CUST0550,Male,1,Yes,No,62,Yes,Fiber optic,Month-to-month,51.0,3813.37,1
CUST0551,Female,0,Yes,Yes,19,Yes,DSL,Month-to-month,101.2,2920.85,1
CUST0552,Male,1,Yes,Yes,43,Yes,Fiber optic,Month-to-month,106.72,5135.23,1
CUST0553,Female,0,No,Yes,20,Yes,Fiber optic,Month-to-month,87.3,7212.05,1
CUST0554,Male,1,No,Yes,68,Yes,DSL,Two year,24.7,1328.08,0
CUST0555,Female,0,No,No,44,Yes,Fiber optic,Two year,76.63,3063.64,0
CUST0556,Female,0,Yes,Yes,23,Yes,No,Month-to-month,96.33,1144.13,1
CUST0557,Female,0,Yes,No,2,Yes,Fiber optic,Month-to-month,33.65,5007.05,1
CUST0558,Female,0,No,No,22,Yes,Fiber optic,Month-to-month,42.87,5836.39,1
CUST0559,Female,0,No,No,57,Yes,Fiber optic,One year,108.25,7456.66,0
CUST0560,Female,1,No,Yes,7,Yes,Fiber optic,One year,22.01,2245.4,0
CUST0561,Male,1,No,No,56,Yes,DSL,Month-to-month,95.27,7602.69,1
CUST0562,Male,0,No,Yes,67,Yes,DSL,Month-to-month,67.38,524.84,1
CUST0563,Male,0,No,Yes,16,No,Fiber optic,One year,64.68,4832.05,0
CUST0564,Female,0,Yes,No,51,Yes,Fiber optic,One year,20.71,475.92,0
CUST0565,Female,0,No,No,12,Yes,Fiber optic,Month-to-month,101.94,7152.32,1
CUST0566,Female,0,Yes,No,53,Yes,Fiber optic,One year,55.98,4247.88,0
CUST0567,Female,0,Yes,Yes,5,No,DSL,Month-to-month,74.08,5361.4,1
CUST0568,Male,0,No,No,27,Yes,Fiber optic,Month-to-month,87.73,6655.96,1
CUST0569,Male,0,No,Yes,12,Yes,DSL,One year,90.26,1219.48,0
CUST0570,Female,0,Yes,No,17,Yes,Fiber optic,One year,115.6,327.96,0
CUST0571,Male,0,No,No,6,Yes,Fiber optic,Month-to-month,73.13,7033.47,1
CUST0572,Male,0,No,Yes,5,Yes,DSL,Two year,59.97,2533.17,0
CUST0573,Female,0,Yes,Yes,57,Yes,DSL,Month-to-month,115.37,1049.25,1
CUST0574,Male,1,Yes,Yes,28,Yes,Fiber optic,One year,84.21,3758.32,0
CUST0575,Female,0,Yes,Yes,69,Yes,Fiber optic,Month-to-month,49.82,4794.48,1
CUST0576,Male,0,No,Yes,59,Yes,DSL,Two year,32.65,267.15,0
CUST0577,Female,0,Yes,Yes,33,Yes,No,Two year,104.26,2213.67,0
CUST0578,Female,0,No,No,62,Yes,Fiber optic,Month-to-month,56.22,281.74,1
CUST0579,Female,1,Yes,No,50,Yes,No,Two year,86.05,3374.28,0
CUST0580,Female,0,Yes,Yes,19,Yes,Fiber optic,One year,67.08,7162.9,0
CUST0581,Male,0,Yes,No,69,No,Fiber optic,One year,39.89,7861.57,0
CUST0582,Female,0,No,Yes,66,Yes,Fiber optic,Month-to-month,80.17,5103.64,1
CUST0583,Female,1,No,No,47,Yes,Fiber optic,One year,26.07,1309.87,0
CUST0584,Female,1,Yes,No,39,Yes,Fiber optic,Two year,61.33,7248.68,0
CUST0585,Male,0,Yes,Yes,68,Yes,DSL,Month-to-month,74.66,4139.66,1
CUST0586,Female,0,Yes,Yes,33,No,Fiber optic,Two year,63.6,1246.92,0
CUST0587,Male,0,No,Yes,13,Yes,DSL,Month-to-month,94.87,7375.38,1
CUST0588,Female,1,Yes,No,54,Yes,DSL,Month-to-month,102.79,6064.6,1
CUST0589,Male,0,No,Yes,7,Yes,DSL,Month-to-month,97.12,5859.01,1
CUST0590,Male,1,Yes,No,14,Yes,DSL,Month-to-month,23.88,5679.26,1
CUST0591,Female,0,Yes,Yes,19,Yes,No,One year,39.41,1618.71,0
CUST0592,Male,0,Yes,No,54,Yes,DSL,Month-to-month,73.66,1703.83,1
CUST0593,Female,0,Yes,No,20,Yes,Fiber optic,Two year,113.48,5512.58,0
CUST0594,Female,0,Yes,Yes,29,Yes,Fiber optic,Month-to-month,103.5,1773.39,1
CUST0595,Female,0,Yes,No,24,Yes,Fiber optic,Month-to-month,104.25,3520.6,1
CUST0596,Male,0,No,No,63,No,DSL,Month-to-month,50.32,6260.37,1
CUST0597,Male,0,Yes,Yes,57,Yes,Fiber optic,Month-to-month,62.94,6275.94,1
CUST0598,Female,0,No,No,8,Yes,Fiber optic,Two year,67.07,3637.03,0
CUST0599,Female,0,Yes,Yes,62,Yes,Fiber optic,One year,35.74,6341.68,0
CUST0600,Male,0,Yes,Yes,29,Yes,Fiber optic,One year,23.11,6712.2,0
CUST0601,Female,1,No,Yes,17,Yes,No,Month-to-month,114.69,5245.11,1
CUST0602,Female,1,Yes,Yes,66,Yes,Fiber optic,Month-to-month,44.07,1842.84,1
CUST0603,Female,1,No,No,6,Yes,DSL,Month-to-month,43.99,2206.61,1
CUST0604,Male,1,No,No,58,Yes,Fiber optic,Month-to-month,28.34,2532.43,1
CUST0605,Male,0,Yes,No,69,Yes,DSL,Month-to-month,112.85,952.1,1
CUST0606,Male,0,No,Yes,28,Yes,Fiber optic,One year,77.97,2199.81,0
CUST0607,Female,0,No,No,62,Yes,DSL,Month-to-month,86.7,1691.96,1
CUST0608,Female,0,Yes,No,41,Yes,DSL,One year,111.16,3653.52,0
CUST0609,Female,0,No,Yes,69,Yes,Fiber optic,Month-to-month,54.56,7269.33,1
CUST0610,Male,0,Yes,Yes,41,Yes,Fiber optic,Month-to-month,82.15,853.75,1
CUST0611,Female,0,Yes,No,49,Yes,DSL,One year,23.88,5767.74,0
CUST0612,Female,0,Yes,Yes,49,Yes,Fiber optic,Month-to-month,38.68,5504.52,1
CUST0613,Female,0,Yes,Yes,71,Yes,Fiber optic,Two year,103.12,784.12,0
CUST0614,Female,0,No,Yes,3,Yes,DSL,One year,96.68,7382.13,0
CUST0615,Male,0,Yes,Yes,10,Yes,Fiber optic,Month-to-month,55.06,4556.41,1
CUST0616,Male,0,Yes,No,35,Yes,DSL,Two year,57.68,2922.53,0
CUST0617,Female,1,No,Yes,2,Yes,Fiber optic,Month-to-month,73.36,6057.18,1
CUST0618,Male,0,Yes,Yes,24,Yes,Fiber optic,Month-to-month,20.02,2073.78,1
CUST0619,Male,0,Yes,Yes,38,Yes,DSL,One year,44.12,5554.21,0
CUST0620,Female,1,No,Yes,22,Yes,Fiber optic,Month-to-month,40.82,336.9,1
CUST0621,Female,1,No,Yes,26,Yes,DSL,One year,45.05,6718.48,0
CUST0622,Male,1,No,Yes,43,Yes,Fiber optic,One year,100.59,3596.4,0
CUST0623,Female,0,No,Yes,55,Yes,Fiber optic,Two year,47.97,5100.81,0
CUST0624,Male,0,No,Yes,39,Yes,Fiber optic,Month-to-month,39.15,1785.48,1
CUST0625,Female,0,No,No,29,Yes,DSL,Month-to-month,70.43,5423.05,1
CUST0626,Male,0,No,Yes,20,Yes,DSL,One year,106.56,6182.48,0
CUST0627,Female,0,Yes,No,41,Yes,DSL,Month-to-month,44.13,3796.24,1
CUST0628,Male,0,No,Yes,54,Yes,DSL,Month-to-month,27.85,4949.46,1
CUST0629,Male,0,No,Yes,20,Yes,Fiber optic,Month-to-month,55.64,3661.48,1
CUST0630,Male,0,No,Yes,19,Yes,Fiber optic,Month-to-month,94.77,7154.85,1
CUST0631,Female,0,Yes,Yes,66,Yes,Fiber optic,Month-to-month,75.07,3993.0,1
CUST0632,Male,0,Yes,No,30,Yes,Fiber optic,Two year,101.68,6737.63,0
CUST0633,Male,0,No,Yes,53,Yes,No,Two year,115.96,6414.79,0
CUST0634,Female,0,No,Yes,34,Yes,Fiber optic,Month-to-month,99.27,3295.83,1
CUST0635,Female,0,No,No,22,Yes,No,Month-to-month,80.38,1856.07,1
CUST0636,Male,1,Yes,No,67,Yes,Fiber optic,Month-to-month,69.33,3260.54,1
CUST0637,Male,0,Yes,Yes,6,Yes,DSL,Two year,24.01,6613.21,0
CUST0638,Female,0,No,No,27,Yes,DSL,Month-to-month,118.43,1836.51,1
CUST0639,Female,0,Yes,No,10,Yes,Fiber optic,One year,58.35,4205.0,0
CUST0640,Female,0,No,No,48,Yes,DSL,Month-to-month,35.22,6452.65,1
CUST0641,Female,0,Yes,Yes,70,Yes,DSL,One year,86.67,2840.75,0
CUST0642,Female,0,Yes,Yes,59,Yes,Fiber optic,Month-to-month,48.43,5144.83,1
CUST0643,Male,0,No,Yes,59,Yes,Fiber optic,One year,78.58,1980.14,0
CUST0644,Female,0,No,No,2,No,Fiber optic,Month-to-month,78.68,892.05,1
CUST0645,Male,1,No,Yes,29,Yes,DSL,One year,64.57,6359.19,0
CUST0646,Male,0,No,No,68,No,DSL,Month-to-month,103.61,809.77,1
CUST0647,Male,0,Yes,Yes,65,No,Fiber optic,One year,46.5,2185.62,0
CUST0648,Female,1,Yes,Yes,26,Yes,No,Two year,64.86,6843.77,0
CUST0649,Male,1,Yes,No,10,Yes,Fiber optic,Month-to-month,73.77,2784.82,1
CUST0650,Male,0,No,Yes,53,Yes,No,Two year,86.36,7784.9,0
CUST0651,Female,0,Yes,No,59,Yes,Fiber optic,Month-to-month,98.4,7838.28,1
CUST0652,Male,0,No,No,22,Yes,Fiber optic,Month-to-month,59.48,2160.84,1
CUST0653,Male,0,Yes,Yes,51,Yes,DSL,Month-to-month,84.6,347.01,1
CUST0654,Female,0,No,No,48,Yes,Fiber optic,Month-to-month,35.06,5646.41,1
CUST0655,Male,0,No,Yes,21,Yes,Fiber optic,One year,113.26,3618.87,0
CUST0656,Male,0,Yes,Yes,22,Yes,Fiber optic,One year,58.31,824.01,0
CUST0657,Male,1,No,No,30,Yes,Fiber optic,Month-to-month,92.95,5666.03,1
CUST0658,Female,1,No,Yes,25,Yes,Fiber optic,Month-to-month,22.03,268.78,1
CUST0659,Female,0,Yes,No,28,Yes,DSL,One year,40.52,6964.17,0
CUST0660,Female,0,No,Yes,65,Yes,Fiber optic,Two year,68.71,1126.45,0
CUST0661,Male,0,No,Yes,45,No,DSL,Month-to-month,107.83,1035.95,1
CUST0662,Male,0,No,Yes,68,Yes,Fiber optic,Two year,72.73,1421.86,0
CUST0663,Female,0,Yes,Yes,7,Yes,DSL,Month-to-month,112.99,7682.93,1
CUST0664,Male,0,Yes,Yes,49,Yes,DSL,Month-to-month,68.38,5551.49,1
CUST0665,Male,0,No,No,9,Yes,Fiber optic,One year,69.04,6414.94,0
CUST0666,Female,0,Yes,No,36,Yes,Fiber optic,Month-to-month,31.97,3193.13,1
CUST0667,Female,0,No,No,1,Yes,Fiber optic,Month-to-month,100.27,2703.78,1
CUST0668,Male,0,No,No,10,Yes,DSL,Month-to-month,44.7,1891.18,1
CUST0669,Male,0,No,No,36,Yes,Fiber optic,One year,109.96,3855.57,0
CUST0670,Male,0,No,No,46,No,DSL,One year,111.08,4423.59,0
CUST0671,Female,1,No,Yes,32,Yes,No,Month-to-month,114.33,5061.56,1
CUST0672,Female,0,Yes,Yes,32,Yes,No,Month-to-month,72.02,2071.81,1
CUST0673,Female,0,No,No,6,Yes,Fiber optic,Month-to-month,87.71,7590.26,1
CUST0674,Female,0,Yes,No,48,Yes,DSL,Month-to-month,97.85,1374.67,1
CUST0675,Male,0,Yes,Yes,38,Yes,Fiber optic,Month-to-month,33.1,7725.91,1
CUST0676,Female,0,No,Yes,17,Yes,DSL,One year,80.1,138.55,0
CUST0677,Female,0,No,Yes,27,Yes,Fiber optic,Month-to-month,23.43,3859.38,1
CUST0678,Female,0,Yes,No,54,No,DSL,Month-to-month,69.76,2680.28,1
CUST0679,Female,0,Yes,No,50,Yes,No,Month-to-month,35.48,3604.0,1
CUST0680,Female,1,Yes,No,35,Yes,DSL,Month-to-month,38.29,4573.9,1
CUST0681,Male,0,No,Yes,25,Yes,Fiber optic,Two year,56.5,3496.0,0
CUST0682,Male,0,Yes,Yes,28,Yes,Fiber optic,Month-to-month,63.24,3330.48,1
CUST0683,Female,1,No,No,15,Yes,Fiber optic,Month-to-month,82.32,5867.13,1
CUST0684,Male,0,No,No,4,Yes,DSL,Month-to-month,27.44,5493.29,1
CUST0685,Female,1,No,Yes,27,Yes,No,Month-to-month,70.37,6669.5,1
CUST0686,Female,0,Yes,Yes,26,Yes,Fiber optic,Month-to-month,38.26,2014.67,1
CUST0687,Male,0,No,Yes,19,Yes,Fiber optic,Month-to-month,77.4,4884.04,1
CUST0688,Male,0,No,Yes,17,Yes,DSL,Month-to-month,83.74,4689.85,1
CUST0689,Female,0,No,No,43,Yes,Fiber optic,Month-to-month,75.67,2970.51,1
CUST0690,Female,0,No,Yes,41,Yes,Fiber optic,Month-to-month,93.83,3898.74,1
CUST0691,Female,0,No,Yes,42,Yes,DSL,Month-to-month,53.56,2523.98,1
CUST0692,Male,0,Yes,Yes,50,Yes,DSL,Two year,96.51,1151.92,0
CUST0693,Female,0,No,No,40,Yes,Fiber optic,Month-to-month,63.28,1726.13,1
CUST0694,Female,0,No,No,39,Yes,DSL,Month-to-month,68.42,862.0,1
CUST0695,Female,1,Yes,Yes,23,Yes,DSL,Month-to-month,84.81,5470.9,1
CUST0696,Male,1,No,Yes,52,Yes,Fiber optic,Month-to-month,21.84,5292.6,1
CUST0697,Female,1,Yes,Yes,47,Yes,Fiber optic,One year,85.4,7605.84,0
CUST0698,Female,0,No,No,63,Yes,DSL,Month-to-month,81.86,5842.83,1
CUST0699,Male,0,Yes,No,69,Yes,Fiber optic,One year,50.98,435.33,0
CUST0700,Female,0,Yes,No,43,Yes,DSL,Month-to-month,28.58,7076.28,1
CUST0701,Female,0,No,Yes,48,Yes,DSL,Month-to-month,29.09,6904.15,1
CUST0702,Male,0,No,No,34,Yes,DSL,One year,112.32,3557.7,0
CUST0703,Female,0,No,Yes,40,Yes,Fiber optic,Month-to-month,88.93,4695.19,1
CUST0704,Male,0,Yes,Yes,61,No,DSL,Month-to-month,32.71,7809.11,1
CUST0705,Male,0,Yes,Yes,50,Yes,DSL,Month-to-month,55.67,4267.79,1
CUST0706,Female,0,Yes,No,67,Yes,Fiber optic,One year,79.25,7244.47,0
CUST0707,Female,0,No,Yes,62,Yes,Fiber optic,Month-to-month,103.56,682.65,1
CUST0708,Female,0,Yes,No,58,Yes,DSL,Two year,24.37,1544.59,0
CUST0709,Female,1,Yes,No,33,Yes,Fiber optic,Month-to-month,43.66,3537.22,1
CUST0710,Male,0,No,Yes,16,Yes,DSL,Two year,108.97,4686.36,0
CUST0711,Female,0,Yes,Yes,48,Yes,Fiber optic,Month-to-month,20.92,6533.5,1
CUST0712,Male,0,Yes,No,10,Yes,Fiber optic,One year,40.14,7906.33,0
CUST0713,Female,0,No,Yes,38,Yes,Fiber optic,Month-to-month,115.9,3123.03,1
CUST0714,Female,0,Yes,No,19,Yes,DSL,Two year,81.34,398.38,0
CUST0715,Female,0,No,Yes,36,Yes,DSL,Month-to-month,46.17,6413.35,1
CUST0716,Male,0,No,No,59,Yes,DSL,Month-to-month,26.7,4842.96,1
CUST0717,Female,0,No,No,63,No,DSL,Month-to-month,22.82,1604.37,1
CUST0718,Female,0,No,No,46,Yes,DSL,Month-to-month,44.47,3968.73,1
CUST0719,Female,0,No,No,3,Yes,Fiber optic,Month-to-month,108.15,5943.64,1
CUST0720,Female,1,Yes,Yes,65,Yes,No,Two year,61.59,6167.89,0
CUST0721,Male,0,Yes,Yes,8,Yes,No,Two year,92.03,4006.95,0
CUST0722,Female,0,No,No,51,Yes,Fiber optic,Month-to-month,111.83,2455.61,1
CUST0723,Male,1,No,No,6,Yes,Fiber optic,Two year,60.8,7790.47,0
CUST0724,Male,0,Yes,Yes,39,Yes,Fiber optic,Month-to-month,39.13,5313.63,1
CUST0725,Male,0,No,Yes,60,Yes,DSL,Month-to-month,71.71,3277.74,1
CUST0726,Male,0,No,Yes,28,Yes,Fiber optic,One year,110.81,2258.1,0
CUST0727,Male,0,No,Yes,54,No,Fiber optic,One year,100.44,5854.2,0
CUST0728,Male,1,Yes,Yes,37,Yes,Fiber optic,Two year,26.58,1952.62,0
CUST0729,Female,0,Yes,Yes,9,Yes,Fiber optic,Month-to-month,89.26,1390.25,1
CUST0730,Male,1,No,No,56,Yes,DSL,One year,77.19,4248.07,0
CUST0731,Male,0,No,Yes,59,Yes,DSL,Month-to-month,110.75,2334.1,1
CUST0732,Male,0,Yes,Yes,2,Yes,No,Month-to-month,32.25,5038.66,1
CUST0733,Female,0,Yes,No,61,Yes,DSL,Month-to-month,73.4,961.15,1
CUST0734,Female,0,No,Yes,58,No,Fiber optic,Two year,107.95,5246.43,0
CUST0735,Male,0,No,Yes,60,Yes,No,One year,61.0,2280.71,0
CUST0736,Female,1,Yes,Yes,40,Yes,Fiber optic,One year,68.2,21.94,0
CUST0737,Male,0,Yes,Yes,36,Yes,Fiber optic,Month-to-month,27.05,1032.95,1
CUST0738,Male,1,Yes,Yes,37,No,DSL,Month-to-month,47.81,7470.25,1
CUST0739,Female,0,No,No,18,Yes,DSL,Month-to-month,52.45,6941.49,1
CUST0740,Male,1,Yes,Yes,63,Yes,Fiber optic,Month-to-month,114.51,1884.2,1
CUST0741,Female,0,No,No,22,Yes,Fiber optic,Month-to-month,48.27,6231.41,1
CUST0742,Female,0,Yes,No,11,Yes,Fiber optic,One year,66.09,4876.4,0
CUST0743,Male,0,Yes,Yes,58,Yes,DSL,Month-to-month,87.13,7767.82,1
CUST0744,Male,0,Yes,No,57,Yes,DSL,Month-to-month,36.22,3001.37,1
CUST0745,Female,0,Yes,Yes,4,Yes,No,Month-to-month,68.64,5458.06,1
CUST0746,Male,0,No,No,7,Yes,DSL,Month-to-month,93.85,527.02,1
CUST0747,Male,0,No,No,61,Yes,Fiber optic,Month-to-month,106.69,3182.05,1
CUST0748,Male,1,Yes,Yes,54,Yes,DSL,Two year,82.63,7711.26,0
CUST0749,Female,0,No,Yes,68,Yes,Fiber optic,One year,86.91,4321.07,0
CUST0750,Female,0,Yes,Yes,1,Yes,No,One year,32.63,2317.28,0
CUST0751,Male,0,Yes,Yes,55,Yes,Fiber optic,Month-to-month,114.58,979.76,1
CUST0752,Female,0,Yes,Yes,3,Yes,DSL,Month-to-month,33.26,5634.16,1
CUST0753,Female,0,Yes,No,38,Yes,Fiber optic,Month-to-month,97.47,5165.95,1
CUST0754,Female,0,No,No,1,Yes,Fiber optic,Two year,46.48,3004.03,0
CUST0755,Female,0,Yes,No,38,No,Fiber optic,One year,113.36,7608.51,0
CUST0756,Female,0,Yes,No,29,Yes,Fiber optic,Month-to-month,92.0,197.18,1
CUST0757,Male,0,No,No,5,Yes,Fiber optic,Month-to-month,95.38,2443.72,1
CUST0758,Male,0,Yes,No,21,Yes,Fiber optic,Month-to-month,41.91,7370.13,1
CUST0759,Male,0,Yes,No,71,Yes,Fiber optic,One year,64.3,2581.06,0
CUST0760,Female,0,Yes,Yes,67,Yes,DSL,Two year,81.78,2032.98,0
CUST0761,Female,0,No,Yes,47,Yes,DSL,Month-to-month,97.0,4283.08,1
CUST0762,Male,0,Yes,No,35,Yes,DSL,Month-to-month,30.4,6593.94,1
CUST0763,Female,0,No,No,68,Yes,No,Month-to-month,116.24,843.11,1
CUST0764,Male,0,Yes,Yes,69,Yes,Fiber optic,Month-to-month,109.02,7545.31,1
CUST0765,Male,0,Yes,Yes,1,Yes,Fiber optic,Month-to-month,47.03,6364.68,1
CUST0766,Male,0,No,Yes,68,Yes,DSL,Month-to-month,102.28,1466.38,1
CUST0767,Female,0,Yes,Yes,12,Yes,DSL,One year,71.83,5701.82,0
CUST0768,Female,0,Yes,No,60,Yes,Fiber optic,One year,66.18,3091.97,0
CUST0769,Male,0,No,Yes,27,No,Fiber optic,Month-to-month,51.44,3230.31,1
CUST0770,Male,0,No,No,56,Yes,DSL,One year,78.1,6270.65,0
CUST0771,Male,1,No,No,23,Yes,Fiber optic,Month-to-month,92.99,7703.02,1
CUST0772,Male,0,No,No,25,Yes,DSL,Month-to-month,61.09,1030.71,1
CUST0773,Female,0,No,Yes,21,Yes,DSL,Month-to-month,82.92,3376.63,1
CUST0774,Female,0,Yes,Yes,61,Yes,Fiber optic,Month-to-month,89.93,3857.91,1
CUST0775,Male,0,No,No,63,Yes,DSL,Month-to-month,91.11,3022.97,1
CUST0776,Male,0,Yes,No,52,Yes,No,Month-to-month,25.2,2918.25,1
CUST0777,Female,1,Yes,No,25,Yes,DSL,Month-to-month,105.97,437.1,1
CUST0778,Female,0,Yes,Yes,55,Yes,DSL,Two year,65.83,5490.6,0
CUST0779,Male,0,No,No,46,Yes,DSL,Month-to-month,46.24,3500.99,1
CUST0780,Male,0,No,Yes,32,Yes,Fiber optic,Month-to-month,44.18,1574.45,1
CUST0781,Male,0,Yes,No,55,Yes,Fiber optic,Month-to-month,68.3,6531.95,1
CUST0782,Female,0,No,No,5,No,Fiber optic,One year,108.68,6424.43,0
CUST0783,Female,0,No,No,36,Yes,DSL,Month-to-month,57.83,3901.41,1
CUST0784,Female,0,No,Yes,49,Yes,DSL,One year,94.97,2401.64,0
CUST0785,Male,0,No,Yes,58,Yes,Fiber optic,Month-to-month,29.68,5111.98,1
CUST0786,Male,0,Yes,No,39,No,Fiber optic,Month-to-month,67.61,2319.45,1
CUST0787,Female,0,Yes,Yes,61,Yes,Fiber optic,Month-to-month,119.17,1903.34,1
CUST0788,Female,0,No,No,9,Yes,DSL,Month-to-month,97.04,5849.51,1
CUST0789,Male,0,Yes,Yes,6,Yes,Fiber optic,Month-to-month,41.05,341.8,1
CUST0790,Female,0,No,Yes,35,Yes,No,Month-to-month,70.14,776.25,1
CUST0791,Female,0,No,Yes,39,Yes,DSL,Month-to-month,43.36,74.17,1
CUST0792,Male,0,Yes,No,22,Yes,Fiber optic,Month-to-month,60.96,1240.49,1
CUST0793,Female,0,Yes,Yes,41,Yes,DSL,Month-to-month,98.01,570.54,1
CUST0794,Male,0,Yes,Yes,5,Yes,No,Two year,97.12,7966.5,0
CUST0795,Male,0,No,No,42,Yes,Fiber optic,Month-to-month,42.81,2324.7,1
CUST0796,Male,0,Yes,No,67,Yes,No,One year,112.22,1211.16,0
CUST0797,Male,0,No,No,30,Yes,Fiber optic,One year,79.26,1943.15,0
CUST0798,Male,0,Yes,No,57,Yes,DSL,Month-to-month,57.99,7490.28,1
CUST0799,Male,0,Yes,Yes,29,Yes,No,Month-to-month,70.19,4170.88,1
CUST0800,Male,0,No,Yes,37,Yes,DSL,Month-to-month,80.51,2931.25,1
CUST0801,Female,1,No,Yes,13,Yes,DSL,One year,75.99,6989.66,0
CUST0802,Male,0,No,Yes,32,Yes,Fiber optic,One year,68.64,3172.02,0
CUST0803,Male,0,No,Yes,46,Yes,Fiber optic,One year,70.49,2693.37,0
CUST0804,Female,0,No,No,23,Yes,No,Two year,37.64,1674.11,0
CUST0805,Female,1,No,Yes,45,Yes,DSL,One year,101.27,3034.82,0
CUST0806,Female,0,No,Yes,17,Yes,Fiber optic,Month-to-month,74.18,2547.14,1
CUST0807,Male,0,No,Yes,66,Yes,Fiber optic,Month-to-month,33.11,5424.89,1
CUST0808,Female,0,Yes,No,6,Yes,DSL,One year,96.62,2330.87,0
CUST0809,Male,0,No,No,18,Yes,DSL,Month-to-month,113.24,4626.05,1
CUST0810,Male,0,No,Yes,22,Yes,DSL,Month-to-month,114.73,545.82,1
CUST0811,Male,1,Yes,No,33,Yes,DSL,One year,56.9,1546.49,0
CUST0812,Male,0,No,No,30,Yes,No,Month-to-month,33.55,3271.09,1
CUST0813,Female,0,Yes,No,32,Yes,Fiber optic,Two year,71.84,7496.86,0
CUST0814,Female,0,Yes,No,42,No,Fiber optic,One year,31.26,3030.47,0
CUST0815,Male,0,No,No,10,Yes,No,Month-to-month,113.4,5319.31,1
CUST0816,Male,0,Yes,No,36,Yes,DSL,Two year,38.36,2055.6,0
CUST0817,Male,0,No,No,34,Yes,Fiber optic,Month-to-month,45.28,1033.73,1
CUST0818,Female,0,Yes,Yes,28,Yes,Fiber optic,Month-to-month,60.66,487.12,1
CUST0819,Male,0,Yes,Yes,11,Yes,Fiber optic,Month-to-month,58.32,2457.2,1
CUST0820,Male,0,Yes,No,39,Yes,DSL,Month-to-month,99.47,1278.13,1
CUST0821,Female,0,No,Yes,47,Yes,No,Month-to-month,65.63,1408.6,1
CUST0822,Female,1,No,Yes,19,Yes,DSL,Month-to-month,37.08,6090.86,1
CUST0823,Male,0,Yes,No,15,Yes,DSL,Month-to-month,46.72,146.39,1
CUST0824,Female,1,Yes,Yes,28,Yes,Fiber optic,Month-to-month,70.91,4471.32,1
CUST0825,Female,0,No,No,24,Yes,DSL,One year,34.75,3048.1,0
CUST0826,Male,0,No,No,9,Yes,Fiber optic,One year,81.17,4062.27,0
CUST0827,Female,0,Yes,No,47,Yes,Fiber optic,Month-to-month,76.57,4511.39,1
CUST0828,Male,0,Yes,Yes,33,Yes,Fiber optic,Month-to-month,91.47,2520.67,1
CUST0829,Female,0,No,Yes,62,Yes,DSL,Month-to-month,113.77,2374.97,1
CUST0830,Male,0,No,Yes,19,Yes,DSL,Month-to-month,111.23,5872.55,1
CUST0831,Male,0,No,Yes,67,Yes,DSL,One year,114.61,6972.79,0
CUST0832,Male,0,No,No,40,Yes,Fiber optic,One year,44.47,1556.8,0
CUST0833,Female,1,No,No,47,Yes,DSL,Month-to-month,33.16,799.0,1
CUST0834,Male,1,Yes,Yes,65,Yes,DSL,Month-to-month,50.23,7184.41,1
CUST0835,Female,0,No,No,29,Yes,DSL,Month-to-month,109.51,2812.17,1
CUST0836,Male,0,Yes,No,50,Yes,DSL,One year,117.21,4419.51,0
CUST0837,Male,0,No,Yes,13,Yes,Fiber optic,Month-to-month,105.93,2889.15,1
CUST0838,Female,0,Yes,No,1,Yes,Fiber optic,Two year,31.0,1023.9,0
CUST0839,Male,0,No,Yes,34,Yes,DSL,One year,114.74,4722.87,0
CUST0840,Male,0,No,No,48,Yes,Fiber optic,Month-to-month,62.34,4210.62,1
CUST0841,Female,0,Yes,Yes,48,Yes,Fiber optic,Month-to-month,20.93,1639.89,1
CUST0842,Male,1,Yes,No,49,Yes,Fiber optic,Two year,64.24,3625.91,0
CUST0843,Male,0,No,No,64,Yes,Fiber optic,Month-to-month,24.61,6379.64,1
CUST0844,Male,0,No,Yes,61,No,Fiber optic,Month-to-month,74.39,4731.6,1
CUST0845,Male,0,No,Yes,29,Yes,Fiber optic,Month-to-month,53.86,793.4,1
CUST0846,Female,0,No,Yes,39,Yes,DSL,One year,67.34,4393.21,0
CUST0847,Female,0,No,Yes,26,Yes,Fiber optic,One year,81.32,5627.85,0
CUST0848,Male,1,Yes,No,17,Yes,Fiber optic,One year,106.88,6345.77,0
CUST0849,Female,0,Yes,No,71,Yes,DSL,Two year,86.19,5040.36,0
CUST0850,Male,1,No,Yes,13,Yes,DSL,Two year,63.4,1238.21,0
CUST0851,Female,0,Yes,No,69,Yes,No,Two year,101.94,5687.18,0
CUST0852,Male,0,Yes,Yes,26,Yes,Fiber optic,Month-to-month,110.56,5425.19,1
CUST0853,Male,0,Yes,Yes,49,Yes,Fiber optic,Month-to-month,31.98,214.93,1
CUST0854,Male,0,No,No,67,Yes,No,One year,73.19,3305.75,0
CUST0855,Male,1,Yes,No,7,Yes,Fiber optic,One year,48.45,2676.94,0
CUST0856,Male,1,No,Yes,58,No,Fiber optic,One year,24.71,5361.91,0
CUST0857,Male,0,Yes,Yes,49,Yes,Fiber optic,Month-to-month,86.85,1744.76,1
CUST0858,Female,0,No,Yes,53,Yes,Fiber optic,One year,106.28,4735.16,0
CUST0859,Male,0,Yes,No,65,Yes,Fiber optic,One year,36.29,7307.38,0
CUST0860,Female,1,No,No,62,No,Fiber optic,Month-to-month,101.24,6386.46,1
CUST0861,Male,0,No,No,17,Yes,DSL,Month-to-month,105.34,7373.23,1
CUST0862,Female,0,Yes,No,43,Yes,No,Month-to-month,111.43,7828.48,1
CUST0863,Female,0,No,Yes,25,Yes,Fiber optic,Month-to-month,46.53,105.15,1
CUST0864,Female,0,No,Yes,3,Yes,DSL,Month-to-month,110.4,4989.48,1
CUST0865,Male,0,No,Yes,29,Yes,Fiber optic,Month-to-month,52.07,3314.46,1
CUST0866,Male,0,No,Yes,32,Yes,Fiber optic,Month-to-month,75.23,6881.64,1
CUST0867,Female,1,No,Yes,26,No,DSL,One year,25.05,2029.48,0
CUST0868,Male,0,No,Yes,16,Yes,Fiber optic,One year,24.39,7848.62,0
CUST0869,Female,0,No,No,25,Yes,Fiber optic,One year,92.04,4917.39,0
CUST0870,Male,1,No,No,54,Yes,Fiber optic,Month-to-month,64.45,6352.43,1
CUST0871,Female,0,Yes,Yes,28,Yes,DSL,Month-to-month,45.63,703.08,1
CUST0872,Female,1,Yes,Yes,56,Yes,Fiber optic,Two year,39.04,1483.99,0
CUST0873,Male,0,No,No,65,Yes,Fiber optic,Month-to-month,87.0,6072.06,1
CUST0874,Female,0,No,No,41,Yes,DSL,Two year,20.04,195.45,0
CUST0875,Male,1,Yes,No,51,Yes,No,One year,100.59,6538.69,0
CUST0876,Female,0,Yes,No,71,Yes,Fiber optic,Month-to-month,27.92,131.31,1
CUST0877,Female,0,Yes,Yes,29,Yes,DSL,Two year,39.15,5263.81,0
CUST0878,Male,0,No,Yes,19,Yes,Fiber optic,Month-to-month,58.62,2933.45,1
CUST0879,Male,0,Yes,Yes,66,Yes,Fiber optic,Month-to-month,68.49,4899.73,1
CUST0880,Male,0,No,Yes,41,No,DSL,One year,55.5,5574.33,0
CUST0881,Female,0,No,Yes,45,Yes,DSL,Month-to-month,52.07,2752.95,1
CUST0882,Male,1,Yes,No,15,No,DSL,Two year,116.39,881.54,0
CUST0883,Female,0,No,Yes,3,Yes,DSL,Month-to-month,84.16,575.77,1
CUST0884,Female,0,No,No,11,Yes,Fiber optic,Month-to-month,22.34,4719.71,1
CUST0885,Male,0,No,Yes,53,Yes,Fiber optic,Month-to-month,63.02,4174.83,1
CUST0886,Male,0,No,Yes,46,Yes,DSL,One year,107.5,5942.76,0
CUST0887,Female,0,Yes,Yes,30,Yes,DSL,Month-to-month,50.15,4087.69,1
CUST0888,Female,1,Yes,Yes,57,Yes,DSL,Month-to-month,29.46,3391.12,1
CUST0889,Male,0,No,Yes,18,Yes,No,One year,95.84,3196.74,0
CUST0890,Male,0,No,No,51,Yes,DSL,Month-to-month,80.6,231.05,1
CUST0891,Male,0,Yes,No,48,Yes,No,One year,77.03,2697.75,0
CUST0892,Male,0,No,No,66,Yes,Fiber optic,Month-to-month,25.36,7808.64,1
CUST0893,Male,0,Yes,Yes,8,Yes,DSL,One year,34.05,6990.97,0
CUST0894,Female,0,No,Yes,22,Yes,Fiber optic,One year,82.25,2648.44,0
CUST0895,Female,0,No,No,6,Yes,Fiber optic,Month-to-month,40.78,4710.61,1
CUST0896,Female,0,Yes,Yes,57,Yes,Fiber optic,Month-to-month,70.41,6781.43,1
CUST0897,Female,0,Yes,Yes,36,Yes,No,Two year,74.49,3541.37,0
CUST0898,Male,0,Yes,No,57,Yes,DSL,Month-to-month,48.35,163.3,1
CUST0899,Male,0,Yes,Yes,49,Yes,DSL,Two year,114.84,614.59,0
CUST0900,Male,0,No,No,45,Yes,Fiber optic,Month-to-month,104.25,4092.93,1
CUST0901,Female,0,Yes,Yes,66,Yes,DSL,Month-to-month,92.24,7756.13,1
CUST0902,Female,0,No,No,45,Yes,DSL,Month-to-month,27.8,5551.81,1
CUST0903,Male,0,Yes,Yes,20,Yes,DSL,Two year,30.61,585.91,0
CUST0904,Male,0,Yes,Yes,64,No,DSL,Month-to-month,69.28,1531.1,1
CUST0905,Female,0,No,No,67,Yes,Fiber optic,Two year,36.07,6175.16,0
CUST0906,Female,0,Yes,Yes,3,Yes,DSL,Two year,117.83,6734.69,0
CUST0907,Male,0,Yes,Yes,54,Yes,Fiber optic,Month-to-month,35.85,4949.2,1
CUST0908,Male,0,Yes,No,64,Yes,Fiber optic,Month-to-month,68.75,5162.5,1
CUST0909,Female,1,Yes,Yes,40,Yes,Fiber optic,One year,56.41,246.13,0
CUST0910,Male,0,No,No,59,Yes,DSL,Month-to-month,83.94,6631.67,1
CUST0911,Male,0,No,Yes,55,Yes,Fiber optic,One year,32.9,6310.44,0
CUST0912,Male,0,Yes,Yes,62,No,DSL,Month-to-month,63.03,2087.1,1
CUST0913,Female,0,Yes,Yes,4,Yes,Fiber optic,Month-to-month,47.47,5675.24,1
CUST0914,Female,0,Yes,Yes,60,Yes,Fiber optic,One year,108.78,1734.54,0
CUST0915,Female,1,No,No,30,Yes,Fiber optic,Month-to-month,24.06,341.83,1
CUST0916,Female,0,No,Yes,2,Yes,Fiber optic,Month-to-month,111.37,1625.07,1
CUST0917,Female,0,No,No,62,Yes,Fiber optic,Month-to-month,103.3,1445.46,1
CUST0918,Female,0,No,Yes,49,Yes,DSL,Month-to-month,49.76,2715.23,1
CUST0919,Female,1,Yes,Yes,9,Yes,Fiber optic,Month-to-month,98.93,3359.23,1
CUST0920,Male,0,Yes,Yes,31,Yes,Fiber optic,One year,23.12,4078.14,0
CUST0921,Male,0,Yes,Yes,61,Yes,DSL,Month-to-month,116.69,3824.5,1
CUST0922,Male,0,No,No,48,No,Fiber optic,Month-to-month,72.66,2179.98,1
CUST0923,Male,0,Yes,No,25,Yes,No,One year,50.33,252.78,0
CUST0924,Male,1,No,No,36,Yes,No,Month-to-month,56.26,4848.71,1
CUST0925,Male,1,No,No,8,No,Fiber optic,Month-to-month,26.64,3178.04,1
CUST0926,Male,0,Yes,Yes,58,Yes,Fiber optic,Two year,118.93,2403.4,0
CUST0927,Female,1,Yes,No,45,Yes,DSL,One year,23.93,6938.19,0
CUST0928,Female,0,Yes,No,62,Yes,No,Month-to-month,85.49,5979.01,1
CUST0929,Male,1,No,Yes,39,Yes,DSL,One year,64.27,6864.97,0
CUST0930,Male,0,No,Yes,58,Yes,Fiber optic,Month-to-month,114.89,3969.96,1
CUST0931,Female,0,Yes,Yes,64,Yes,DSL,One year,44.6,1064.83,0
CUST0932,Male,0,Yes,Yes,44,No,DSL,Month-to-month,73.21,5575.85,1
CUST0933,Male,0,No,No,29,Yes,Fiber optic,Month-to-month,68.24,1664.47,1
CUST0934,Female,0,Yes,No,59,Yes,No,Month-to-month,90.29,3541.01,1
CUST0935,Male,0,No,Yes,71,Yes,DSL,Month-to-month,26.8,538.71,1
CUST0936,Female,0,No,Yes,9,No,Fiber optic,Month-to-month,39.38,6605.96,1
CUST0937,Male,0,Yes,Yes,6,Yes,DSL,Two year,41.46,1025.01,0
CUST0938,Female,0,Yes,No,29,No,DSL,Month-to-month,93.82,7226.72,1
CUST0939,Female,0,Yes,No,58,Yes,Fiber optic,Month-to-month,38.91,6916.56,1
CUST0940,Female,1,Yes,Yes,17,Yes,Fiber optic,Month-to-month,77.35,3727.37,1
CUST0941,Male,0,No,Yes,16,Yes,DSL,Month-to-month,41.52,5960.06,1
CUST0942,Female,0,No,No,3,Yes,DSL,One year,106.16,4963.17,0
CUST0943,Male,0,No,Yes,21,Yes,DSL,Month-to-month,114.22,6428.54,1
CUST0944,Male,1,Yes,Yes,64,Yes,DSL,Month-to-month,71.85,3465.8,1
CUST0945,Male,0,No,No,36,Yes,No,Month-to-month,55.23,6290.75,1
CUST0946,Male,0,Yes,Yes,62,Yes,No,One year,43.41,3710.41,0
CUST0947,Female,0,Yes,No,42,Yes,DSL,Month-to-month,24.98,7528.91,1
CUST0948,Female,1,Yes,Yes,42,No,Fiber optic,Month-to-month,46.85,3901.25,1
CUST0949,Male,0,Yes,Yes,61,Yes,No,Month-to-month,85.42,3711.7,1
CUST0950,Male,0,Yes,No,13,Yes,DSL,Month-to-month,73.36,6284.87,1
CUST0951,Female,0,Yes,No,11,Yes,Fiber optic,Month-to-month,114.4,6576.19,1
CUST0952,Male,1,No,Yes,54,Yes,No,One year,59.63,4444.82,0
CUST0953,Female,0,Yes,No,16,Yes,DSL,One year,89.39,1454.79,0
CUST0954,Male,0,No,Yes,8,Yes,DSL,One year,68.93,3752.71,0
CUST0955,Male,1,No,Yes,59,Yes,No,Month-to-month,71.26,7745.22,1
CUST0956,Female,0,Yes,No,57,Yes,Fiber optic,Month-to-month,46.78,6028.83,1
CUST0957,Male,0,Yes,Yes,40,Yes,DSL,Month-to-month,65.5,6493.08,1
CUST0958,Female,0,Yes,Yes,59,Yes,DSL,Two year,67.08,281.95,0
CUST0959,Male,0,No,No,2,Yes,Fiber optic,Month-to-month,90.66,3753.52,1
CUST0960,Male,0,Yes,No,10,Yes,Fiber optic,One year,114.06,5180.04,0
CUST0961,Male,0,No,Yes,44,Yes,Fiber optic,Month-to-month,52.93,6643.66,1
CUST0962,Female,0,Yes,No,11,Yes,No,Month-to-month,24.22,413.2,1
CUST0963,Male,0,Yes,No,2,Yes,DSL,Month-to-month,69.63,6822.46,1
CUST0964,Male,1,No,No,50,No,Fiber optic,Month-to-month,74.45,4396.24,1
CUST0965,Male,0,No,No,12,Yes,Fiber optic,Two year,36.84,1594.57,0
CUST0966,Male,1,Yes,Yes,23,Yes,Fiber optic,Two year,96.05,2551.7,0
CUST0967,Female,0,No,Yes,18,Yes,DSL,Month-to-month,118.49,2269.8,1
CUST0968,Female,1,No,Yes,62,Yes,No,Month-to-month,114.58,4256.26,1
CUST0969,Male,0,No,No,62,Yes,Fiber optic,Two year,39.71,432.45,0
CUST0970,Female,0,No,No,38,Yes,Fiber optic,One year,107.54,1285.12,0
CUST0971,Male,0,No,No,67,Yes,Fiber optic,Month-to-month,90.45,6505.29,1
CUST0972,Male,1,Yes,No,38,Yes,DSL,Month-to-month,65.38,1078.18,1
CUST0973,Male,0,Yes,No,67,Yes,Fiber optic,Month-to-month,74.06,1882.5,1
CUST0974,Female,0,No,No,61,Yes,Fiber optic,Month-to-month,104.96,3637.9,1
CUST0975,Female,0,Yes,No,1,Yes,Fiber optic,Month-to-month,68.01,4146.62,1
CUST0976,Female,0,Yes,Yes,45,Yes,No,Month-to-month,57.32,6113.61,1
CUST0977,Female,0,No,Yes,28,Yes,Fiber optic,Month-to-month,69.32,3589.71,1
CUST0978,Female,0,Yes,No,21,Yes,DSL,Month-to-month,77.91,6323.12,1
CUST0979,Female,0,No,No,13,Yes,Fiber optic,Month-to-month,38.91,4954.4,1
CUST0980,Female,0,No,No,27,Yes,DSL,One year,110.09,922.54,0
CUST0981,Female,0,Yes,Yes,7,Yes,DSL,One year,87.42,1267.52,0
CUST0982,Female,0,No,Yes,22,Yes,DSL,Month-to-month,83.33,3507.53,1
CUST0983,Male,0,No,No,53,Yes,Fiber optic,Two year,29.95,3187.18,0
CUST0984,Female,0,No,No,4,Yes,Fiber optic,Two year,80.42,5953.48,0
CUST0985,Female,0,No,Yes,23,Yes,Fiber optic,Month-to-month,32.1,4654.28,1
CUST0986,Female,0,No,Yes,70,Yes,Fiber optic,Month-to-month,27.87,3117.3,1
CUST0987,Female,0,Yes,Yes,33,Yes,Fiber optic,One year,72.73,1382.67,0
CUST0988,Female,0,Yes,Yes,28,Yes,DSL,One year,60.28,1830.16,0
CUST0989,Female,0,No,No,8,Yes,Fiber optic,Two year,78.88,4612.5,0
CUST0990,Female,0,No,Yes,1,Yes,DSL,Two year,28.92,3399.04,0
CUST0991,Female,0,Yes,Yes,37,Yes,DSL,One year,63.1,4129.12,0
CUST0992,Female,0,No,No,63,Yes,Fiber optic,Month-to-month,37.48,1382.01,1
CUST0993,Female,0,Yes,Yes,22,Yes,DSL,Month-to-month,118.71,5309.99,1
CUST0994,Female,0,No,Yes,70,Yes,DSL,Month-to-month,76.12,6823.26,1
CUST0995,Male,0,No,Yes,21,Yes,Fiber optic,Month-to-month,88.74,2078.36,1
CUST0996,Male,0,No,No,35,Yes,Fiber optic,One year,52.54,3942.28,0
CUST0997,Female,0,No,Yes,5,No,Fiber optic,Month-to-month,29.47,7804.71,1
CUST0998,Female,0,No,No,60,Yes,No,One year,117.59,2679.27,0
CUST0999,Male,1,No,No,46,Yes,Fiber optic,Month-to-month,48.63,4768.47,1
